rec	seq	kind	jp	kr
0	0	TEXT	     卒業試験	
1	0	TEXT	空軍将軍	
2	0	TEXT	空軍候補生よろしくな。よろしくね。遠は、この士官学校で、      	
2	1	CTRL	{FC}	
2	2	TEXT	君たち陸軍候補生に講義を行う   	
2	3	CTRL	{FD}	
2	4	TEXT	ルドルフ・ロドリゲス大佐だ。   	
2	5	CTRL	{FD}	
2	6	TEXT	この士官学校では、君たちの指揮官 	
2	7	CTRL	{FD}	
2	8	TEXT	としての能力判定を行う。     	
2	9	CTRL	{FD}	
2	10	TEXT	少々きびしいが、最後まで頑張って 	
2	11	CTRL	{FD}	
2	12	TEXT	ついてきてくれ。         	
2	13	CTRL	{FD}	
2	14	CTRL	{FE}	
2	15	TEXT	。士官学校に   	
2	16	CTRL	{FD}	
2	17	TEXT	入る前に、受けたい講義の希望を  	
2	18	CTRL	{FD}	
2	19	TEXT	聞いておこう。          	
2	20	CTRL	{FD}	
2	21	TEXT	作戦行動初心者は「初級戦闘講義」を	
2	22	CTRL	{FD}	
2	23	TEXT	上級者は「卒業試験」を      	
2	24	CTRL	{FD}	
2	25	TEXT	選択してくれ。          	
2	26	CTRL	{FD}	
2	27	TEXT	無理せず、自分のレベルに合った内容	
2	28	CTRL	{FD}	
2	29	TEXT	を選ぶようにしろよ。       	
3	0	TEXT	ゲームルールを学習しながら、キャラク	
3	1	CTRL	{FD}	
3	2	TEXT	ターの作成を行う、初心者用講義だ。 	
4	0	TEXT	実戦により、キャラクター作成のみを 	
4	1	CTRL	{FD}	
4	2	TEXT	行う、上級者用講義だ。       	
5	0	TEXT	講義成績	
6	0	TEXT	最終成績	
7	0	TEXT	初級戦闘講義   ／	
7	1	CTRL	{FE}	
7	2	CTRL	{FE}	
7	3	TEXT	中級戦闘講義   ／	
7	4	CTRL	{FE}	
7	5	CTRL	{FE}	
7	6	TEXT	上級戦闘講義   ／	
7	7	CTRL	{FE}	
7	8	CTRL	{FE}	
7	9	TEXT	 卒業試験    ／	
7	10	CTRL	{FE}	
7	11	CTRL	{FE}	
7	12	TEXT	 総合成績    ／	
8	0	TEXT	--／--	
9	0	TEXT	初級戦闘講義の評価点は、	
9	1	CTRL	{FB}	
9	2	TEXT	点だ。	
9	3	CTRL	{FC}	
9	4	TEXT	よくやった！！          	
9	5	CTRL	{FD}	
9	6	TEXT	次の講義もこの調子で臨むぞ。   	
10	0	TEXT	初級戦闘講義の評価点は、	
10	1	CTRL	{FB}	
10	2	TEXT	点だ。	
10	3	CTRL	{FC}	
10	4	TEXT	次の講義では、もう少し頑張ってくれ。	
11	0	TEXT	中級戦闘講義の評価点は、	
11	1	CTRL	{FB}	
11	2	TEXT	点だ。	
11	3	CTRL	{FC}	
11	4	TEXT	よくやった！！          	
11	5	CTRL	{FD}	
11	6	TEXT	次の講義もこの調子で臨むぞ。   	
12	0	TEXT	中級戦闘講義の評価点は、	
12	1	CTRL	{FB}	
12	2	TEXT	点だ。	
12	3	CTRL	{FC}	
12	4	TEXT	次の講義では、もう少し頑張ってくれ。	
13	0	TEXT	上級戦闘講義の評価点は、	
13	1	CTRL	{FB}	
13	2	TEXT	点だ。	
13	3	CTRL	{FC}	
13	4	TEXT	よくやった！！          	
13	5	CTRL	{FD}	
13	6	TEXT	卒業試験もこの調子で臨むぞ。   	
14	0	TEXT	上級戦闘講義の評価点は、	
14	1	CTRL	{FB}	
14	2	TEXT	点だ。	
14	3	CTRL	{FC}	
14	4	TEXT	卒業試験では、もう少し頑張ってくれ。	
15	0	TEXT	卒業試験まで、よく頑張って    	
15	1	CTRL	{FC}	
15	2	TEXT	ついてきてくれた。        	
15	3	CTRL	{FD}	
15	4	TEXT	士官学校も、これで卒業だ。    	
15	5	CTRL	{FD}	
15	6	TEXT	それでは、            	
15	7	CTRL	{FD}	
15	8	TEXT	能力判定の内容を発表する。    	
15	9	CTRL	{FD}	
15	10	TEXT	この学校で得た知識と、      	
15	11	CTRL	{FD}	
15	12	TEXT	経験を生かし、これからの戦いを  	
15	13	CTRL	{FD}	
15	14	TEXT	勝ち抜いていって欲しい。     	
15	15	CTRL	{FD}	
15	16	TEXT	最後に、能力判定の内容を発表する。	
16	0	TEXT	卒業試験はこれで終了だ。     	
16	1	CTRL	{FC}	
16	2	TEXT	士官学校も、これで卒業だ。    	
16	3	CTRL	{FD}	
16	4	TEXT	この学校で得た知識と、      	
16	5	CTRL	{FD}	
16	6	TEXT	経験を生かし、これからの戦いを  	
16	7	CTRL	{FD}	
16	8	TEXT	勝ち抜いていって欲しい。     	
16	9	CTRL	{FD}	
16	10	TEXT	最後に、能力判定の内容を発表する。	
17	0	CTRL	{FB}	
17	1	TEXT	   兵器の移動と戦闘について   	
18	0	TEXT	「兵器の補充」と「都市の占領」について	
19	0	TEXT	  「索敵効果」と「天候」について  	
20	0	CTRL	{FB}	
20	1	TEXT	      最終能力判定      	
21	0	CTRL	{FB}	
21	1	TEXT	      最終能力判定      	
22	0	TEXT	よくここまで頑張ったな。     	
22	1	CTRL	{FC}	
22	2	TEXT	この士官学校の最終講義として、  	
22	3	CTRL	{FD}	
22	4	TEXT	卒業試験を行なう。        	
22	5	CTRL	{FD}	
22	6	TEXT	卒業試験はいままでのような    	
22	7	CTRL	{FD}	
22	8	TEXT	訓練レベルではなく、実戦レベルの 	
22	9	CTRL	{FD}	
22	10	TEXT	ものになっている。いままでのような	
22	11	CTRL	{FD}	
22	12	TEXT	甘い考えを捨て、迅速、確実に軍を 	
22	13	CTRL	{FD}	
22	14	TEXT	進軍させねば痛い目を見るぞ。   	
22	15	CTRL	{FD}	
22	16	TEXT	なお、試験の内容で、最終的な   	
22	17	CTRL	{FD}	
22	18	TEXT	能力判定も行うので、今まで以上に 	
22	19	CTRL	{FD}	
22	20	TEXT	力を入れて頑張って欲しい。    	
23	0	TEXT	卒業試験は、訓練レベルではなく、 	
23	1	CTRL	{FC}	
23	2	TEXT	実戦レベルのものになっている。  	
23	3	CTRL	{FD}	
23	4	TEXT	甘い考えを捨て、迅速、確実に軍を 	
23	5	CTRL	{FD}	
23	6	TEXT	進軍させねば、痛い目を見るぞ。  	
23	7	CTRL	{FD}	
23	8	TEXT	なお、試験の内容で、最終的な   	
23	9	CTRL	{FD}	
23	10	TEXT	能力判定も行うので、今まで以上に 	
23	11	CTRL	{FD}	
23	12	TEXT	力を入れて頑張って欲しい。    	
24	0	TEXT	この者は、陸軍候補生の君たちと共に	
24	1	CTRL	{FC}	
24	2	TEXT	卒業試験を受ける、        	
24	3	CTRL	{FD}	
24	4	TEXT	空軍候補生の	
24	5	CTRL	{F9}	
24	6	TEXT	だ。         	
24	7	CTRL	{FD}	
24	8	TEXT	たがいに力を合わせ、頑張ってくれ。	
24	9	CTRL	{FD}	
24	10	TEXT	それでは、卒業試験を行なう。   	
25	0	TEXT	卒業試験の試験内容は、      	
25	1	CTRL	{FC}	
25	2	TEXT	以下の通りである。        	
25	3	CTRL	{FD}	
25	4	TEXT	仮想敵国である赤国、その拠点である	
25	5	CTRL	{FD}	
25	6	TEXT	2つの「グンシレイブ」を     	
25	7	CTRL	{FD}	
25	8	TEXT	10ターン以内に占領せよ。    	
25	9	CTRL	{FD}	
25	10	TEXT	今のところ、確認されている敵の数は	
25	11	CTRL	{FD}	
25	12	TEXT	少数であるが、          	
25	13	CTRL	{FD}	
25	14	TEXT	油断せず進んで欲しい。      	
26	0	TEXT	士官学校の門を叩いた新兵たちよ。 	
26	1	CTRL	{FC}	
26	2	TEXT	卒業までの道は険しいが、気高い  	
26	3	CTRL	{FD}	
26	4	TEXT	精神の許に、無事やり遂げて欲しい。	
27	0	TEXT	この者は、陸軍候補生の君たちと共に	
27	1	CTRL	{FC}	
27	2	TEXT	講義を受けてゆく、        	
27	3	CTRL	{FD}	
27	4	TEXT	空軍候補生の	
27	5	CTRL	{F9}	
27	6	TEXT	だ。 	
27	7	CTRL	{FD}	
27	8	TEXT	なかよくやってくれ。       	
27	9	CTRL	{FD}	
27	10	TEXT	この初級戦闘講義では、兵器の   	
27	11	CTRL	{FD}	
27	12	TEXT	移動と、戦闘について講義を行う。 	
28	0	TEXT	今回のゲーム画面は、地上と空の  	
28	1	CTRL	{FC}	
28	2	TEXT	2層に分かれており、Aボタンを  	
28	3	CTRL	{FD}	
28	4	TEXT	押すことで、陸空の切り替えが   	
28	5	CTRL	{FD}	
28	6	TEXT	できる。             	
29	0	TEXT	また、エリアカーソルの色で、   	
29	1	CTRL	{FC}	
29	2	TEXT	上空にどの国の航空機がいるのかが 	
29	3	CTRL	{FD}	
29	4	TEXT	解るようになっている。      	
30	0	TEXT	それでは、次に、兵器移動の手順に 	
30	1	CTRL	{FC}	
30	2	TEXT	ついて、解説することにしよう。  	
30	3	CTRL	{FD}	
30	4	TEXT	カーソルを兵器の上に移動して   	
30	5	CTRL	{FD}	
30	6	TEXT	Cボタンを押すと、赤い枠が    	
30	7	CTRL	{FD}	
30	8	TEXT	表示される。           	
30	9	CTRL	{FD}	
30	10	TEXT	これが「移動範囲」だ。      	
30	11	CTRL	{FD}	
30	12	TEXT	この範囲内で移動先を指定する   	
30	13	CTRL	{FD}	
30	14	TEXT	ことで、兵器を移動させることが  	
30	15	CTRL	{FD}	
30	16	TEXT	できる。             	
31	0	TEXT	兵器の中には、変型することによって	
31	1	CTRL	{FC}	
31	2	TEXT	移動距離を増やすことのできる兵器も	
31	3	CTRL	{FD}	
31	4	TEXT	いるので、兵器の性能を知ることが 	
31	5	CTRL	{FD}	
31	6	TEXT	重要になってくる。        	
32	0	TEXT	陸上兵器を動かす場合は、直接   	
32	1	CTRL	{FC}	
32	2	TEXT	カーソルを合わせればいいが、   	
32	3	CTRL	{FD}	
32	4	TEXT	航空機を動かす場合は、      	
32	5	CTRL	{FD}	
32	6	TEXT	カーソルを空港に合わせてCボタンを	
32	7	CTRL	{FD}	
32	8	TEXT	押さねばならない。        	
33	0	TEXT	その後、空港に格納されている   	
33	1	CTRL	{FC}	
33	2	TEXT	航空機を選び、ただちに「発進」  	
33	3	CTRL	{FD}	
33	4	TEXT	することで、大空に飛び立つことが 	
33	5	CTRL	{FD}	
33	6	TEXT	できる。             	
33	7	CTRL	{FD}	
33	8	TEXT	兵器の移動に関しては以上である。 	
34	0	TEXT	最後に、攻撃の手順を解説する。  	
34	1	CTRL	{FC}	
34	2	TEXT	敵のいる場所の隣りに移動。    	
34	3	CTRL	{FD}	
34	4	TEXT	「攻撃」を選択せよ。       	
35	0	TEXT	そして使用する武器を選べば、敵を 	
35	1	CTRL	{FC}	
35	2	TEXT	見事撃破できるだろう。      	
35	3	CTRL	{FD}	
35	4	TEXT	この時、味方の航空機が上空に   	
35	5	CTRL	{FD}	
35	6	TEXT	いると、支援効果により攻撃の威力が	
35	7	CTRL	{FD}	
35	8	TEXT	増加する。            	
35	9	CTRL	{FD}	
35	10	TEXT	積極的に航空機を運用してゆくこと。	
36	0	TEXT	直接攻撃する場合は、先ほどの   	
36	1	CTRL	{FC}	
36	2	TEXT	戦い方で問題無いが、間接攻撃を行う	
36	3	CTRL	{FD}	
36	4	TEXT	時は、移動してしまうと攻撃できなく	
36	5	CTRL	{FD}	
36	6	TEXT	なるので、注意せよ。       	
37	0	TEXT	攻撃等のコマンドを実行すると、  	
37	1	CTRL	{FC}	
37	2	TEXT	兵器色が青からグレーに変わる。  	
37	3	CTRL	{FD}	
37	4	TEXT	これは、その兵器が「行動終了」した	
37	5	CTRL	{FD}	
37	6	TEXT	ことを示している。        	
37	7	CTRL	{FD}	
37	8	TEXT	行動させたいユニットが      	
37	9	CTRL	{FD}	
37	10	TEXT	いなくなったら、スタートボタンを 	
37	11	CTRL	{FD}	
37	12	TEXT	押して、ターン終了を選択すること。	
37	13	CTRL	{FD}	
37	14	TEXT	今回の全行動が終了となる。    	
38	0	TEXT	自分のターンを終了すると、敵の  	
38	1	CTRL	{FC}	
38	2	TEXT	行動が終了するまで待機状態になる。	
38	3	CTRL	{FD}	
38	4	TEXT	敵軍の行動を見ながら、次の作戦を 	
38	5	CTRL	{FD}	
38	6	TEXT	練るのも、勝利を掴む為には    	
38	7	CTRL	{FD}	
38	8	TEXT	重要である。           	
39	0	TEXT	初級講義の内容は以上で終了だ。  	
39	1	CTRL	{FC}	
39	2	TEXT	もう一度講義を聞くか？      	
39	3	CTRL	{FD}	
39	4	TEXT	  はい  いいえ        	
39	5	CTRL	{F8}	
39	6	TEXT	それでは、これより、       	
39	7	CTRL	{FC}	
39	8	TEXT	初級の実技試験を開始する。    	
39	9	CTRL	{FD}	
39	10	TEXT	作戦期間は3ターン。       	
39	11	CTRL	{FD}	
39	12	TEXT	青色の兵器ユニットを動かして、  	
39	13	CTRL	{FD}	
39	14	TEXT	赤の兵器ユニットを攻撃、破壊せよ！	
39	15	CTRL	{FD}	
39	16	TEXT	奮闘を祈る！           	
40	0	TEXT	初級戦闘講義では、上手く自分の力を	
40	1	CTRL	{FC}	
40	2	TEXT	発揮できたか？          	
40	3	CTRL	{FD}	
40	4	TEXT	発揮できなかった者はこの中級講義で	
40	5	CTRL	{FD}	
40	6	TEXT	より一層努力して欲しい。     	
40	7	CTRL	{FD}	
40	8	TEXT	中級戦闘講義では、「兵器の補充」と	
40	9	CTRL	{FD}	
40	10	TEXT	「都市の占領」について講義を   	
40	11	CTRL	{FD}	
40	12	TEXT	行なってゆくことにする。     	
41	0	TEXT	補充と占領について話す時には、  	
41	1	CTRL	{FC}	
41	2	TEXT	将軍についてまず話さねばならない 	
41	3	CTRL	{FD}	
41	4	TEXT	だろう。             	
41	5	CTRL	{FD}	
41	6	TEXT	このゲームには、兵器と、それを指揮	
41	7	CTRL	{FD}	
41	8	TEXT	する将軍が存在する。       	
41	9	CTRL	{FD}	
41	10	TEXT	将軍はいくつかの兵器を配下に持ち、	
41	11	CTRL	{FD}	
41	12	TEXT	配下の兵器が傷ついたときに補充  	
41	13	CTRL	{FD}	
41	14	TEXT	活動を行うことができる。     	
41	15	CTRL	{FD}	
41	16	TEXT	この将軍と配下の関係を忘れない  	
41	17	CTRL	{FD}	
41	18	TEXT	ように、心がけてくれ。      	
42	0	TEXT	まず、部隊総合力（FPW）について	
42	1	CTRL	{FC}	
42	2	TEXT	解説する。            	
42	3	CTRL	{FD}	
42	4	TEXT	このゲージが、FPWの値を表わして	
42	5	CTRL	{FD}	
42	6	TEXT	おり、攻撃を行ったり、ダメージを 	
42	7	CTRL	{FD}	
42	8	TEXT	受けた時に減少してゆく。     	
42	9	CTRL	{FD}	
42	10	TEXT	FPWが減少すると、兵器の能力は 	
42	11	CTRL	{FD}	
42	12	TEXT	徐々に弱まってしまうので、細めな 	
42	13	CTRL	{FD}	
42	14	TEXT	回復が必要だ。          	
43	0	TEXT	では、FPWを回復するには、   	
43	1	CTRL	{FC}	
43	2	TEXT	どうすればよいのか。       	
43	3	CTRL	{FD}	
43	4	TEXT	所属将軍の周りにいる兵器は、   	
43	5	CTRL	{FD}	
43	6	TEXT	FPWが次のターン最初に全快。  	
43	7	CTRL	{FD}	
43	8	TEXT	これが最も良い回復方法だ。    	
43	9	CTRL	{FD}	
43	10	TEXT	都市の上に兵器を置いておくか、  	
43	11	CTRL	{FD}	
43	12	TEXT	もしくは休息することでも、FPWを	
43	13	CTRL	{FD}	
43	14	TEXT	回復することができる。      	
43	15	CTRL	{FD}	
43	16	TEXT	しかし、こちらはいわば緊急回復用 	
43	17	CTRL	{FD}	
43	18	TEXT	だと考えた方がよいだろう。    	
44	0	TEXT	航空機の場合も同様で、所属将軍の 	
44	1	CTRL	{FC}	
44	2	TEXT	いる空港に着陸しているとFPWが 	
44	3	CTRL	{FD}	
44	4	TEXT	全快する。            	
44	5	CTRL	{FD}	
44	6	TEXT	陸・空共に、できるだけ、所属将軍の	
44	7	CTRL	{FD}	
44	8	TEXT	周りで戦うよう心がけること。   	
44	9	CTRL	{FD}	
44	10	TEXT	また、兵器の機数がダメージを受けた	
44	11	CTRL	{FD}	
44	12	TEXT	時は、即補充しなければ部隊の存亡に	
44	13	CTRL	{FD}	
44	14	TEXT	関わる。             	
45	0	TEXT	この場合も、FPWの時と同様に、 	
45	1	CTRL	{FC}	
45	2	TEXT	所属将軍の周りにユニットを置いて 	
45	3	CTRL	{FD}	
45	4	TEXT	おけば、「補充」により機数回復する	
45	5	CTRL	{FD}	
45	6	TEXT	ことが可能である。        	
45	7	CTRL	{FD}	
45	8	TEXT	航空機の場合は、所属将軍のいる  	
45	9	CTRL	{FD}	
45	10	TEXT	空港にいることで、機数の補充が  	
45	11	CTRL	{FD}	
45	12	TEXT	可能となる。           	
45	13	CTRL	{FD}	
45	14	TEXT	ただし、どちらの場合も、将軍の補給	
45	15	CTRL	{FD}	
45	16	TEXT	物資を消費するので、そちらに気を 	
45	17	CTRL	{FD}	
45	18	TEXT	配るのも忘れてはならない。    	
45	19	CTRL	{FD}	
45	20	TEXT	繰り返し言う。できるだけ、    	
45	21	CTRL	{FD}	
45	22	TEXT	所属将軍の周りで戦え。      	
46	0	TEXT	しかし、万能なユニットである将軍も、	
46	1	CTRL	{FC}	
46	2	TEXT	自分の機数だけは、都市上でないと 	
46	3	CTRL	{FD}	
46	4	TEXT	補充できない。          	
46	5	CTRL	{FD}	
46	6	TEXT	この利点は大きいぞ。       	
46	7	CTRL	{FD}	
46	8	TEXT	消費物資の補充も、都市上でしか  	
46	9	CTRL	{FD}	
46	10	TEXT	できない。            	
46	11	CTRL	{FD}	
46	12	TEXT	物資の補充を行うと、都市は徐々に 	
46	13	CTRL	{FD}	
46	14	TEXT	荒廃していくので、できるだけ被害は	
46	15	CTRL	{FD}	
46	16	TEXT	最小限に押さえておいて欲しい。  	
47	0	TEXT	次に、占領について述べる。    	
47	1	CTRL	{FC}	
47	2	TEXT	各陣営は、ここを占領されると敗北 	
47	3	CTRL	{FD}	
47	4	TEXT	するという、「拠点」を持っている。	
47	5	CTRL	{FD}	
47	6	TEXT	敵の拠点を占領することで、勝利を 	
47	7	CTRL	{FD}	
47	8	TEXT	掴むことができる。        	
47	9	CTRL	{FD}	
47	10	TEXT	拠点は、状況表機能の中で、名前  	
47	11	CTRL	{FD}	
47	12	TEXT	付きの地形を調べることで、場所を 	
47	13	CTRL	{FD}	
47	14	TEXT	特定することができる。      	
47	15	CTRL	{FD}	
47	16	TEXT	実際の占領方法は、将軍、もしくは、	
47	17	CTRL	{FD}	
47	18	TEXT	歩兵が占領したい地形の上で行動終了	
47	19	CTRL	{FD}	
47	20	TEXT	すればよい。           	
47	21	CTRL	{FD}	
47	22	TEXT	そうすれば、占領することができる。	
48	0	TEXT	中級講義の内容は以上で終了だ。  	
48	1	CTRL	{FC}	
48	2	TEXT	もう一度講義を聞くか？      	
48	3	CTRL	{FD}	
48	4	TEXT	  はい  いいえ        	
48	5	CTRL	{F8}	
48	6	TEXT	それでは、これより、中級の実技  	
48	7	CTRL	{FC}	
48	8	TEXT	試験を開始する。         	
48	9	CTRL	{FD}	
48	10	TEXT	作戦期間は5ターン。       	
48	11	CTRL	{FD}	
48	12	TEXT	赤兵器の妨害を打ち破り、敵の拠点 	
48	13	CTRL	{FD}	
48	14	TEXT	「グンシレイブ」を占領することが、	
48	15	CTRL	{FD}	
48	16	TEXT	今作戦の主目的である。      	
49	0	TEXT	この講義で、あとは卒業試験を残す 	
49	1	CTRL	{FC}	
49	2	TEXT	のみとなる。           	
49	3	CTRL	{FD}	
49	4	TEXT	各自、悔いを残さぬように、精一杯 	
49	5	CTRL	{FD}	
49	6	TEXT	頑張って欲しい。         	
49	7	CTRL	{FD}	
49	8	TEXT	この上級戦闘講義では「索敵効果」と	
49	9	CTRL	{FD}	
49	10	TEXT	「天候」についての講義を行なう。 	
49	11	CTRL	{FD}	
49	12	TEXT	まずは、兵器の索敵能力について  	
49	13	CTRL	{FD}	
49	14	TEXT	解説する。            	
50	0	TEXT	索敵能力とは、敵を発見する能力の 	
50	1	CTRL	{FC}	
50	2	TEXT	事で、ゲーム中ではSGTの値で  	
50	3	CTRL	{FD}	
50	4	TEXT	表される。            	
50	5	CTRL	{FD}	
50	6	TEXT	索敵能力の高い兵器は、より広範囲の	
50	7	CTRL	{FD}	
50	8	TEXT	敵を発見することができる。    	
51	0	TEXT	索敵されている範囲は、兵器が移動 	
51	1	CTRL	{FC}	
51	2	TEXT	する度に変化していき、索敵された 	
51	3	CTRL	{FD}	
51	4	TEXT	明るい部分が広がってゆく。    	
51	5	CTRL	{FD}	
51	6	TEXT	言い換えるなら、MAP上の明るい 	
51	7	CTRL	{FD}	
51	8	TEXT	部分が、索敵されている「安全地域」	
51	9	CTRL	{FD}	
51	10	TEXT	暗い部分が「危険地域」だと言える 	
51	11	CTRL	{FD}	
51	12	TEXT	だろう。             	
52	0	TEXT	夜間は索敵能力が下がるので、   	
52	1	CTRL	{FC}	
52	2	TEXT	進軍にも注意が必要となる。    	
53	0	TEXT	しかし、どんなに索敵能力の高い  	
53	1	CTRL	{FC}	
53	2	TEXT	兵器でも、山や森など、見通しの  	
53	3	CTRL	{FD}	
53	4	TEXT	悪い地形の向こう側を見ることは  	
53	5	CTRL	{FD}	
53	6	TEXT	できない。            	
53	7	CTRL	{FD}	
53	8	TEXT	逆に、丘などの高い地形に登ると、 	
53	9	CTRL	{FD}	
53	10	TEXT	視界を大きく得ることができる。  	
53	11	CTRL	{FD}	
53	12	TEXT	有利な地形をしっかりと獲得しつつ 	
53	13	CTRL	{FD}	
53	14	TEXT	進軍するのは、良い指揮官ならば  	
53	15	CTRL	{FD}	
53	16	TEXT	当然の行為だ。          	
53	17	CTRL	{FD}	
53	18	TEXT	索敵行動をせずに強引に移動    	
53	19	CTRL	{FD}	
53	20	TEXT	しようとすると、隠れていた敵に  	
53	21	CTRL	{FD}	
53	22	TEXT	遭遇し、一方的に攻撃を受けてしまう	
53	23	CTRL	{FD}	
53	24	TEXT	場合がでてくる。         	
53	25	CTRL	{FD}	
53	26	TEXT	遭遇戦闘を防ぐためにも、索敵行動は	
53	27	CTRL	{FD}	
53	28	TEXT	かかさずに行うようにせよ。    	
54	0	TEXT	次は天候の講義だ。先ほど述べた索敵	
54	1	CTRL	{FC}	
54	2	TEXT	効果と深い関係があるので、索敵  	
54	3	CTRL	{FD}	
54	4	TEXT	効果を思い出しながら聞いて欲しい。	
54	5	CTRL	{FD}	
54	6	TEXT	天候は、晴れ、曇り、雨、雪の   	
54	7	CTRL	{FD}	
54	8	TEXT	4通りが存在する。        	
54	9	CTRL	{FD}	
54	10	TEXT	晴れであれば霧の影響も無い。   	
54	11	CTRL	{FD}	
54	12	TEXT	曇りは、陸空間の攻撃力が若干   	
54	13	CTRL	{FD}	
54	14	TEXT	落ちる程度。           	
54	15	CTRL	{FD}	
54	16	TEXT	まあ、これらの天候であれば、   	
54	17	CTRL	{FD}	
54	18	TEXT	さほど心配する必要はないだろう。 	
54	19	CTRL	{FD}	
54	20	TEXT	問題は、天候が雨、雪になって   	
54	21	CTRL	{FD}	
54	22	TEXT	しまった場合である。       	
54	23	CTRL	{FD}	
54	24	TEXT	雨、雪の状態だと、地上の見通しが 	
54	25	CTRL	{FD}	
54	26	TEXT	悪くなるため、索敵能力が落ちて  	
54	27	CTRL	{FD}	
54	28	TEXT	しまう。             	
54	29	CTRL	{FD}	
54	30	TEXT	しかも、厚い雲海に遮られ、    	
54	31	CTRL	{FD}	
54	32	TEXT	航空機の攻撃支援を受けることが  	
54	33	CTRL	{FD}	
54	34	TEXT	できなくなるのだ。        	
54	35	CTRL	{FD}	
54	36	TEXT	自然の力は大きく、我々を困難に突き	
54	37	CTRL	{FD}	
54	38	TEXT	落とす場合もあるだろう。     	
54	39	CTRL	{FD}	
54	40	TEXT	そんな状況でこそ、この士官学校で 	
54	41	CTRL	{FD}	
54	42	TEXT	学んできた知識をフルに発揮して戦い	
54	43	CTRL	{FD}	
54	44	TEXT	抜いて欲しい。          	
55	0	TEXT	これで上級講義の内容は以上で終了だ。	
55	1	CTRL	{FC}	
55	2	TEXT	もう一度講義を聞くか？      	
55	3	CTRL	{FD}	
55	4	TEXT	  はい  いいえ        	
