idx	offset	cells	jp	kr
0	0x049494	16	作戦の開始状態や、終了ターン数を	
1	0x0494b6	7	確認できます。	
2	0x0494c6	15	今回の攻撃目標を確認できます。	
3	0x0494e6	8	各陣営の将軍と、	
4	0x0494f8	13	その配下兵器を表示します。	
5	0x049514	7	都市や港など、	
6	0x049524	15	戦場にある建造物を表示します。	
7	0x049544	9	兵器の開発を行い、	
8	0x049558	18	新しい兵器を生産できるようにします。	
9	0x04957e	9	兵器の生産を行い、	
10	0x049592	13	格納庫の兵器を増やします。	
11	0x0495ae	19	所持兵器の配備や、改造をおこないます。	
12	0x0495d6	16	将軍を配置し、作戦を開始します。	
13	0x0495f8	16	陸軍将軍に兵器を配属して下さい。	
14	0x04961a	16	空軍将軍に兵器を配属して下さい。	
15	0x04963c	10	陸軍将軍と空軍将軍に	
16	0x049652	11	兵器を配属して下さい。	
17	0x04966a	12	陣営を選択してください。	
18	0x049684	4	開始状態	
19	0x04968e	2	VP	
20	0x049694	3	気候帯	
21	0x04969c	3	温帯1	
22	0x0496a4	3	温帯2	
23	0x0496ac	3	湿帯1	
24	0x0496b4	3	湿帯2	
25	0x0496bc	3	寒帯1	
26	0x0496c4	3	寒帯2	
27	0x0496cc	3	乾帯1	
28	0x0496d4	3	乾帯2	
29	0x0496dc	3	海域1	
30	0x0496e4	3	海域2	
31	0x0496ec	2	天候	
32	0x0496f2	2	晴れ	
33	0x0496f8	2	曇り	
34	0x0496fe	1	雨	
35	0x049702	1	雪	
36	0x049706	3	累積度	
37	0x04970e	2	雪1	
38	0x049714	2	雪2	
39	0x04971a	2	泥沼	
40	0x049720	2	なし	
41	0x049726	2	終了	
42	0x04972c	3	ターン	
43	0x049734	2	 朝	
44	0x04973a	2	 昼	
45	0x049740	2	 夕	
46	0x049746	2	 夜	
47	0x04974c	2	深夜	
48	0x049752	4	陸軍将軍	
49	0x04975c	4	空軍将軍	
50	0x049766	2	配属	
51	0x04976c	2	改造	
52	0x049772	2	下取	
53	0x049778	19	このユニットをストックにもどしますか？	
54	0x0497a0	3	は い	
55	0x0497a8	3	いいえ	
56	0x0497b0	18	将軍専用機はストックにもどせません。	
57	0x0497d6	2	格納	
58	0x0497dc	5	兵器タイプ	
59	0x0497e8	5	移動タイプ	
60	0x0497f4	3	移動力	
61	0x0497fc	3	索敵力	
62	0x049804	3	FPW	
63	0x04980c	4	武装変更	
64	0x049816	2	武装	
65	0x04981c	3	防御力	
66	0x049824	3	は い	
67	0x04982c	3	いいえ	
68	0x049834	11	この兵器を下取しますか	
69	0x04984c	11	配属兵器を下取しますか	
70	0x049864	3	生産費	
71	0x04986c	2	VP	
72	0x049872	11	この兵器を生産しますか	
73	0x04988a	11	この兵器に改造しますか	
74	0x0498a2	3	改造費	
75	0x0498aa	4	改造可能	
76	0x0498b4	3	兵 器	
77	0x0498bc	10	データがありません。	
78	0x0498d2	11	ユニットがありません。	
79	0x0498ea	11	改造元のユニットです。	
80	0x049902	10	まだ改造できません。	
81	0x049918	11	改造費がマイナスです。	
82	0x049930	9	VPが足りません。	
83	0x049944	11	この兵器を開発しますか	
84	0x04995c	3	開発費	
85	0x049964	10	まだ開発できません。	
86	0x04997a	11	開発費がマイナスです。	
87	0x049992	13	生産タイプがいっぱいです。	
88	0x0499ae	12	が生産可能になりました。	
89	0x0499c8	11	は生産終了となります。	
90	0x0499e0	11	が新たに開発可能です。	
91	0x0499f8	12	の量産化に成功しました。	
92	0x049a12	8	軍事費 所持VP	
93	0x049a24	3	下取費	
94	0x049a2c	4	武装能力	
95	0x049a36	11	将軍の最後の部隊なので	
96	0x049a4e	8	下取できません。	
97	0x049a60	10	 将軍に配属しますか	
98	0x049a76	7	了解しました。	
99	0x049a86	11	指揮能力を超えますので	
100	0x049a9e	10	格納庫に配送します。	
101	0x049ab4	11	将軍指揮下に入ります。	
102	0x049acc	1	Ⅰ	
103	0x049ad0	1	Ⅱ	
104	0x049ad4	1	Ⅲ	
105	0x049ad8	1	Ⅳ	
106	0x049adc	485	ダミー    艦上戦闘機  戦闘機    局地戦闘機  戦闘攻撃機  急降下爆撃機 艦上攻撃機  陸上攻撃機  爆撃機    夜間戦闘機         偵察車    軽戦車    中戦車    重戦車    突撃砲    駆逐戦車   対空戦車   自走高射砲  自走榴弾砲  自走ロケット砲牽引対戦車砲 牽引高射砲  牽引榴弾砲  歩兵     機械化歩兵  空挺歩兵   列車砲                         戦艦     巡洋戦艦   重巡洋艦   軽巡洋艦   駆逐艦    潜水艦    空母     軽空母    変形要塞   工兵     輸送機    輸送車    司令部    輸送船    （重巡）   （戦艦）   （空母）   補給車    トーチカ／要塞         キャタピラ弱型  キャタピラ型   キャタピラ水陸型 ハーフトラック弱型ハーフトラック型 タイヤ型     牽引型      歩兵基本装備   歩兵積雪装備   歩兵自動車化装備 固定型      艦船型      航空機型     VPが足りません。	
107	0x049ea8	11	格納庫がいっぱいです。	
108	0x049ec0	12	ユニットが存在しません。	
109	0x049eda	10	まだ生産できません。	
110	0x049ef0	8	今作戦の目的は、	
111	0x049f02	6	ターン以内に	
112	0x049f10	18	拠点を占領もしくは破壊することです。	
113	0x049f36	18	戦線は崩壊し、我が軍司令部は降伏した	
114	0x049f5c	13	ファル・ヴァイス（白作戦）	
115	0x049f78	18	本作戦は、分割された東プロイセンへの	
116	0x049f9e	18	生命線を確保すべくポーランド領に侵攻	
117	0x049fc4	7	するものである	
118	0x049fd4	17	貴軍の任務は南方軍集団の一翼として	
119	0x049ff8	18	クラカウ前面の優勢なる敵軍を突破する	
120	0x04a01e	5	ことにある	
121	0x04a02a	8	貴軍の健闘を祈る	
122	0x04a03c	8	ワルシャワ攻略戦	
123	0x04a04e	16	貴軍の任務はラドムを経由し敵首都	
124	0x04a070	15	ワルシャワを攻略することにある	
125	0x04a090	18	9月30日までにワルシャワを攻略せよ	
126	0x04a0b6	13	これは総統よりの厳命である	
127	0x04a0d2	21	ファル・ゲルプ（黄作戦）シュリーフェン計画	
128	0x04a0fe	15	本作戦は、我が国に宣戦布告した	
129	0x04a11e	15	イギリス・フランスに対し攻勢を	
130	0x04a13e	15	かけるべく実行されるものである	
131	0x04a15e	17	本作戦の主旨はベルギー及びオランダ	
132	0x04a182	17	方面からフランス領に侵攻することに	
133	0x04a1a6	2	ある	
134	0x04a1ac	18	ロッテルダム・ブリュッセルを陥落せよ	
135	0x04a1d2	13	尚、イギリス・フランス軍は	
136	0x04a1ee	18	ディール河沿岸に重厚なる防衛戦を構築	
137	0x04a214	9	している模様である	
138	0x04a228	8	貴軍の健闘を祈る	
139	0x04a23a	21	ファル・ゲルプ（黄作戦）マンシュタイン計画	
140	0x04a266	17	本作戦は、我が国に対し宣戦布告した	
141	0x04a28a	15	イギリス・フランスに対し攻勢を	
142	0x04a2aa	15	かけるべく実行されるものである	
143	0x04a2ca	17	本作戦の主旨はB軍集団の侵攻により	
144	0x04a2ee	15	連合軍主力部隊がベルギー方面へ	
145	0x04a30e	18	牽制されている間に敵の守りが最も薄い	
146	0x04a334	18	アルデンヌの森から装甲部隊にて突破し	
147	0x04a35a	17	橋頭堡としてセダンを確保することに	
148	0x04a37e	2	ある	
149	0x04a384	8	貴軍の健闘を祈る	
150	0x04a396	4	パリ占領	
151	0x04a3a0	18	貴軍の任務はベルギー国境よりフランス	
152	0x04a3c6	18	へ侵攻、敵首都パリを攻略しフランスを	
153	0x04a3ec	12	降伏に追い込むことにある	
154	0x04a406	16	ベルギー領内より退却した英仏軍は	
155	0x04a428	15	国境沿いに集結、新たな防衛線を	
156	0x04a448	10	築いている模様である	
157	0x04a45e	18	貴軍はこれを突破・せん減しパリを占領	
158	0x04a484	15	更に背部よりマジノ線を破砕せよ	
159	0x04a4a4	8	ダンケルク追撃戦	
160	0x04a4b6	18	本作戦の主旨はアミアンを橋頭堡として	
161	0x04a4dc	16	確保した後、英仏海峡へと軍を進め	
162	0x04a4fe	13	イギリス・フランス残存軍を	
163	0x04a51a	13	包囲・せん減することにある	
164	0x04a536	18	イギリス・フランス軍をせん減し敵首都	
165	0x04a55c	7	パリを占領せよ	
166	0x04a56c	6	ブレスト急襲	
167	0x04a57a	18	貴軍の任務はブレスト港に急行し港内の	
168	0x04a5a0	18	フランス艦隊を脱出前に確保することに	
169	0x04a5c6	2	ある	
170	0x04a5cc	17	フランス艦隊は北アフリカへの脱出を	
171	0x04a5f0	10	図っている模様である	
172	0x04a606	18	フランス艦隊をイギリス軍へ投降させて	
173	0x04a62c	5	はならない	
174	0x04a638	11	至急ブレストへ急行せよ	
175	0x04a650	16	アドラーアングリフ（驚攻勢）作戦	
176	0x04a672	18	フランス降伏後、イギリスとの和平交渉	
177	0x04a698	17	が失敗に終ったため、予定されていた	
178	0x04a6bc	16	イギリス本土上陸作戦の実施命令が	
179	0x04a6de	4	下された	
180	0x04a6e8	16	上陸作戦を行うにあたって、貴軍は	
181	0x04a70a	16	制空権確保のため、イギリス本土の	
182	0x04a72c	10	航空勢力を無力化せよ	
183	0x04a742	18	尚、本作戦は航空撃減戦であるので空軍	
184	0x04a768	8	のみの参加となる	
185	0x04a77a	13	ゼーレーヴェ（あしか）作戦	
186	0x04a796	18	貴軍の任務は英仏海峡の制海権を確保し	
187	0x04a7bc	17	輸送船団をポーツマス及びドーバーに	
188	0x04a7e0	10	上陸させることにある	
189	0x04a7f6	18	敵残存空軍と戦闘艦艇による上陸阻止が	
190	0x04a81c	5	予想される	
191	0x04a828	6	注意されたし	
192	0x04a836	18	尚、本作戦では輸送の面から貴軍の配下	
193	0x04a85c	7	は使用できない	
194	0x04a86c	17	従って貴官は現地兵力を率いて戦いに	
195	0x04a890	6	臨んで欲しい	
196	0x04a89e	9	イギリス本土決戦 	
197	0x04a8b2	18	先の戦闘によりイギリス本土の制空権は	
198	0x04a8d8	10	我が軍のものとなった	
199	0x04a8ee	15	貴軍の任務は制空権を維持しつつ	
200	0x04a90e	18	残存する敵戦力を掃討し敵首都ロンドン	
201	0x04a934	18	及び港湾都市リバプールを攻略すること	
202	0x04a95a	3	にある	
203	0x04a962	8	貴軍の健闘を祈る	
204	0x04a974	3	マルタ	
205	0x04a97c	18	今や地中海の制海権はマルタ島を有する	
206	0x04a9a2	16	イギリスのものとなろうとしている	
207	0x04a9c4	16	しかしながら北アフリカの戦場では	
208	0x04a9e6	18	我が軍は補給も満足に受けられないまま	
209	0x04aa0c	18	優勢なるイギリス軍との戦いを強いられ	
210	0x04aa32	10	ているのが現状である	
211	0x04aa48	18	貴軍の任務は北アフリカへの補給物資を	
212	0x04aa6e	16	積んだ輸送船を無事にトリポリ及び	
213	0x04aa90	15	ベンガジまで護送することにある	
214	0x04aab0	15	地中海方面のイギリス軍の妨害が	
215	0x04aad0	16	予想されるが実力を持って排除せよ	
216	0x04aaf2	18	尚、本作戦では輸送の面から貴軍の配下	
217	0x04ab18	7	は使用できない	
218	0x04ab28	17	従って貴官は現地兵力を率いて戦いに	
219	0x04ab4c	6	臨んで欲しい	
220	0x04ab5a	9	ハルファヤ峠の攻防	
221	0x04ab6e	18	補給を得たイギリス軍はトブルクを救出	
222	0x04ab94	17	すべくハルファヤ峠に向け進軍中との	
223	0x04abb8	5	ことである	
224	0x04abc4	18	貴軍の任務は救出に向かうイギリス軍の	
225	0x04abea	13	撃減とトブルクの攻略にある	
226	0x04ac06	18	尚、イギリス軍は補給により戦力は増強	
227	0x04ac2c	15	されているとの情報が入っている	
228	0x04ac4c	8	充分注意されたし	
229	0x04ac5e	11	エル・アラメインの戦い	
230	0x04ac76	16	陥落した要港トブルクを奪還すべく	
231	0x04ac98	17	イギリス軍は再度大規模な侵攻を企図	
232	0x04acbc	9	している模様である	
233	0x04acd0	18	貴軍の任務はエル・アラメインの防衛線	
234	0x04acf6	17	においてこれを撃破、更にエジプトの	
235	0x04ad1a	16	中枢・アレキサンドリアを攻略せよ	
236	0x04ad3c	5	コーカサス	
237	0x04ad48	16	ソ連軍の継戦能力を枯渇させるには	
238	0x04ad6a	18	バクー・グロズヌイ油田の奪取が必要で	
239	0x04ad90	2	ある	
240	0x04ad96	14	貴軍はコーカサス山脈を越え、	
241	0x04adb4	17	バクー・グロズヌイの油田を確保せよ	
242	0x04add8	6	トブルク挟撃	
243	0x04ade6	18	今や北アフリカの要港トブルクは我が軍	
244	0x04ae0c	14	に完全に包囲される形となった	
245	0x04ae2a	17	トブルクにこもる英第70師団に対し	
246	0x04ae4e	18	英軍は戦力不足から救援を出せない状況	
247	0x04ae74	3	にある	
248	0x04ae7c	16	この機を生かしトブルクを攻略せよ	
249	0x04ae9e	8	アレキサンドリア	
250	0x04aeb0	14	貴軍の奮闘により北アフリカの	
251	0x04aece	18	イギリス軍はアレキサンドリアに籠もる	
252	0x04aef4	7	軍のみとなった	
253	0x04af04	18	速やかに貴軍はアレキサンドリアに向け	
254	0x04af2a	16	進撃し、敵軍が戦力を補充する前に	
255	0x04af4c	9	エジプトを奪取せよ	
256	0x04af60	7	地中海渡航作戦	
257	0x04af70	18	北アフリカのイギリス軍は希望峰回りの	
258	0x04af96	18	増援により日々強化されているのに対し	
259	0x04afbc	16	ドイツアフリカ軍団は、マルタ島の	
260	0x04afde	18	イギリス軍の為に補給すらままならない	
261	0x04b004	5	状態である	
262	0x04b010	18	更に情報では、敵はこの島に援軍を送ろ	
263	0x04b036	9	うとしているらしい	
264	0x04b04a	17	貴軍の任務はこれを無力化することに	
265	0x04b06e	2	ある	
266	0x04b074	5	成功を祈る	
267	0x04b080	18	尚、本作戦では輸送の面から貴軍の配下	
268	0x04b0a6	7	は使用できない	
269	0x04b0b6	17	従って貴官は現地兵力を率いて戦いに	
270	0x04b0da	6	臨んで欲しい	
271	0x04b0e8	3	ガザラ	
272	0x04b0f0	12	本作戦はマルタ島占領作戦	
273	0x04b10a	17	「ハーキュリー」と呼応して行うもの	
274	0x04b12e	3	である	
275	0x04b136	18	貴軍は作戦開始と同時にトブルクを急襲	
276	0x04b15c	17	地中海の英空軍を引きつけている間に	
277	0x04b180	7	これを陥落せよ	
278	0x04b190	18	尚、トブルク前面のガザラにイギリス軍	
279	0x04b1b6	16	は重厚な防御陣地を築いている模様	
280	0x04b1d8	3	である	
281	0x04b1e0	5	地中海海戦	
282	0x04b1ec	17	北アフリカのイギリス軍はガザラでの	
283	0x04b210	12	戦闘後も強化されつつある	
284	0x04b22a	16	陸での勝利の為には、補給すなわち	
285	0x04b24c	16	制海権の必要性はいうまでもない。	
286	0x04b26e	17	従って貴軍の任務は全イタリア海軍と	
287	0x04b292	17	共同でイギリス地中海艦隊を壊減させ	
288	0x04b2b6	14	地中海を安定させる事にある。	
289	0x04b2d4	18	尚、本作戦では輸送の面から貴軍の配下	
290	0x04b2fa	7	は使用できない	
291	0x04b30a	17	従って貴官は現地兵力を率いて戦いに	
292	0x04b32e	6	臨んで欲しい	
293	0x04b33c	11	アラム・ハルファの戦い	
294	0x04b354	15	先のガザラ戦におけるダメージで	
295	0x04b374	16	イギリス軍の戦力回復は未だされて	
296	0x04b396	9	いないと推測される	
297	0x04b3aa	18	また東部戦線においてコーカサス侵攻を	
298	0x04b3d0	15	予定していることから牽制効果も	
299	0x04b3f0	5	期待できる	
300	0x04b3fc	11	従ってこの好機を生かし	
301	0x04b414	17	エル・アラメイン陣地のイギリス軍へ	
302	0x04b438	12	攻勢をかけ敵陣を突破せよ	
303	0x04b452	7	好機・春風作戦	
304	0x04b462	17	連合軍はアルジェリア・リビアの東西	
305	0x04b486	17	から侵攻、チュニジアの我が軍の挟撃	
306	0x04b4aa	12	を企図していると思われる	
307	0x04b4c4	18	よって貴軍は敵軍の包囲網が完成する前	
308	0x04b4ea	7	に各個撃破せよ	
309	0x04b4fa	7	シシリー撤退戦	
310	0x04b50a	15	今や北アフリカを制した連合軍は	
311	0x04b52a	18	イタリアに圧力を与えるべくシシリー島	
312	0x04b550	9	への進撃を開始した	
313	0x04b564	18	連合軍の上陸地点は南部もしくは南東部	
314	0x04b58a	6	と予想される	
315	0x04b598	18	貴軍は上陸する連合軍に出血を与えつつ	
316	0x04b5be	10	シシリーから撤退せよ	
317	0x04b5d4	5	アンツィオ	
318	0x04b5e0	18	連合軍はグスタフ線にて膠着状態に入っ	
319	0x04b606	17	ておりこれを打開すべくアンツィオに	
320	0x04b62a	18	上陸部隊を派遣したが我が軍は即時対応	
321	0x04b650	18	したため現在全ての戦線が膠着状態に陥	
322	0x04b676	4	っている	
323	0x04b680	18	貴軍の任務は可能な限り敵に出血を与え	
324	0x04b6a6	15	西部戦線を停滞させることにある	
325	0x04b6c6	7	ノルマンディー	
326	0x04b6d6	4	緊急指令	
327	0x04b6e0	14	優勢なる連合軍上陸部隊が現在	
328	0x04b6fe	16	ノルマンディー海岸に上陸中である	
329	0x04b720	18	沿岸防衛隊は各個に抵抗を試みているが	
330	0x04b746	18	敵軍の規模大なることから壊減は時間の	
331	0x04b76c	5	問題である	
332	0x04b778	17	水際撃減は不可能と思われる為貴軍は	
333	0x04b79c	15	カーンに防衛線をはり可能な限り	
334	0x04b7bc	4	抵抗せよ	
335	0x04b7c6	16	ヘルプストネーベル（秋の霜）作戦	
336	0x04b7e8	15	貴軍の任務はアルデンヌを突破し	
337	0x04b808	16	アントワープを奪取することにある	
338	0x04b82a	18	制空権は完全に敵の手にあるが悪天候が	
339	0x04b850	15	しばらく続くことが判明しており	
340	0x04b870	13	これを突いて装甲部隊により	
341	0x04b88c	10	奇襲を行うものとする	
342	0x04b8a2	8	貴軍の健闘を祈る	
343	0x04b8b4	5	オーデル河	
344	0x04b8c0	16	ソ連軍はワルシャワ攻略後、一気に	
345	0x04b8e2	13	ベルリン目指し進軍中である	
346	0x04b8fe	17	しかしながら幸いにも講和と相成った	
347	0x04b922	17	西側連合国が共産主義の侵攻を食い止	
348	0x04b946	17	めるべく、本日ソ連に対し宣戦布告を	
349	0x04b96a	3	行った	
350	0x04b972	17	貴軍の任務はアメリカ・イギリス軍と	
351	0x04b996	17	協力しオーデル河畔にてソ連軍の進撃	
352	0x04b9ba	9	を止めることにある	
353	0x04b9ce	13	世界の赤化を食い止めるのだ	
354	0x04b9ea	8	ブラウ（青）作戦	
355	0x04b9fc	18	ソ連軍の夏期反攻が停止した今、我々の	
356	0x04ba22	18	すべきことは敵に立ち上がる力と時間を	
357	0x04ba48	9	与えないことである	
358	0x04ba5c	17	そこで貴軍は全兵力を迅速に北上させ	
359	0x04ba80	18	南下してくる同盟軍とドン河前面の敵を	
360	0x04baa6	4	挟撃せよ	
361	0x04bab0	11	スターリングラード掃討	
362	0x04bac8	10	ドン河前面のソ連軍は	
363	0x04bade	18	スターリングラード市に立てこもる形と	
364	0x04bb04	3	なった	
365	0x04bb0c	18	しかしながら我が軍の追撃に陣地構築の	
366	0x04bb32	18	余裕もなく、更にコーカサス方面の掃討	
367	0x04bb58	14	が終了した軍と合流したことで	
368	0x04bb76	18	スターリングラード市は完全に包囲され	
369	0x04bb9c	6	たのであった	
370	0x04bbaa	17	貴軍は市内の敵兵力を迅速に掃討せよ	
371	0x04bbce	14	タイフーン（台風）作戦 年月	
372	0x04bbec	18	西部方面に第2戦線を作るという連合軍	
373	0x04bc12	8	の目論見は崩れた	
374	0x04bc24	16	敵首都モスクワの陥落は目前である	
375	0x04bc46	18	貴軍の任務はモスクワへの進撃路を確保	
376	0x04bc6c	7	することにある	
377	0x04bc7c	7	モスクワ 年月	
378	0x04bc8c	18	モスクワ市はソ連の政治中枢都市であり	
379	0x04bcb2	18	市の陥落こそが本欧州大戦を終わらせる	
380	0x04bcd8	8	唯一の方法である	
381	0x04bcea	18	貴軍は迅速に要塞線を突破しモスクワの	
382	0x04bd10	9	政治中枢を制圧せよ	
383	0x04bd24	8	バルカン侵攻作戦	
384	0x04bd36	18	枢軸同盟に調印したユーゴスラビアにて	
385	0x04bd5c	17	調印の2日後イギリスの支援を受けた	
386	0x04bd80	18	チュトニクらが反乱を起こし政府は倒さ	
387	0x04bda6	2	れた	
388	0x04bdac	18	バルカンの親イギリス化は今後予定され	
389	0x04bdd2	18	ているバルバロッサ作戦の後背を突く形	
390	0x04bdf8	3	となる	
391	0x04be00	18	そこで貴軍は後の作戦のため後顧の憂い	
392	0x04be26	13	を払うべく反乱軍を鎮圧せよ	
393	0x04be42	18	これによりバルバロッサ作戦は延期され	
394	0x04be68	7	ることとなった	
395	0x04be78	18	尚、本作戦にはイタリア・ハンガリー・	
396	0x04be9e	14	の2軍が参加することとなった	
397	0x04bebc	8	バルバロッサ作戦	
398	0x04bece	18	ソ連侵攻作戦「バルバロッサ」が発動さ	
399	0x04bef4	2	れた	
400	0x04befa	17	我々はソ連軍が防御態勢を整える前に	
401	0x04bf1e	17	1歩でもモスクワへと近づかなければ	
402	0x04bf42	4	ならない	
403	0x04bf4c	18	貴軍はミンスク市を確保し可能であれば	
404	0x04bf72	17	ソ連西戦線方面軍を包囲・せん減せよ	
405	0x04bf96	6	スモレンスク	
406	0x04bfa4	16	貴軍はドニエプル河を迅速に渡河し	
407	0x04bfc6	16	モスクワ街道の入り口に当たる要衝	
408	0x04bfe8	11	スモレンスクを確保せよ	
409	0x04c000	14	尚、スモレンスクには優秀なる	
410	0x04c01e	16	敵装甲部隊と新型戦車の存在が確認	
411	0x04c040	5	されている	
412	0x04c04c	4	注意せよ	
413	0x04c056	14	タイフーン（台風）作戦 年月	
414	0x04c074	13	敵首都モスクワは目前にある	
415	0x04c090	18	貴軍の任務はモスクワへの進撃路を確保	
416	0x04c0b6	7	することにある	
417	0x04c0c6	18	敵の防衛線が厳重に引かれている公算は	
418	0x04c0ec	3	大きい	
419	0x04c0f4	6	充分注意せよ	
420	0x04c102	16	尚、キエフ市からの援軍を警戒せよ	
421	0x04c124	7	モスクワ 年月	
422	0x04c134	18	モスクワ市はソ連の政治中枢都市であり	
423	0x04c15a	18	市の陥落こそが本欧州大戦を終わらせる	
424	0x04c180	8	唯一の方法である	
425	0x04c192	18	重要都市キエフが健在なことから戦いが	
426	0x04c1b8	17	長引けば後背を突かれる可能性が高い	
427	0x04c1dc	18	貴軍は迅速に要塞線を突破しモスクワの	
428	0x04c202	9	政治中枢を制圧せよ	
429	0x04c216	7	キエフ大包囲戦	
430	0x04c226	18	重要都市キエフは後背部の安全を計る為	
431	0x04c24c	18	冬季到来の前に占領しておかなければな	
432	0x04c272	3	らない	
433	0x04c27a	13	ドニエプル河対岸にソ連軍は	
434	0x04c296	6	展開しており	
435	0x04c2a4	18	南方からの進撃を抑える行動に出ている	
436	0x04c2ca	18	貴軍は、大都市キエフを南北から挟撃し	
437	0x04c2f0	11	敵軍を包囲・せん減せよ	
438	0x04c308	14	タイフーン（台風）作戦 年月	
439	0x04c326	13	敵首都モスクワは目前にある	
440	0x04c342	18	貴軍の任務はモスクワへの進撃路を確保	
441	0x04c368	7	することにある	
442	0x04c378	18	敵の防衛線が厳重に引かれている公算は	
443	0x04c39e	3	大きい	
444	0x04c3a6	6	充分注意せよ	
445	0x04c3b4	17	尚、モスクワ南方にて敵兵力の存在を	
446	0x04c3d8	4	確認した	
447	0x04c3e2	7	モスクワ 年月	
448	0x04c3f2	18	モスクワ市はソ連の政治中枢都市であり	
449	0x04c418	18	市の陥落こそが本欧州大戦を終わらせる	
450	0x04c43e	8	唯一の方法である	
451	0x04c450	18	貴軍は冬期の訪れる前に要塞線を突破し	
452	0x04c476	14	モスクワの政治中枢を制圧せよ	
453	0x04c494	8	バルバロッサ作戦	
454	0x04c4a6	15	ソ連侵攻作戦「バルバロッサ」が	
455	0x04c4c6	5	発動された	
456	0x04c4d2	17	我々はソ連軍が防御体制を整える前に	
457	0x04c4f6	18	コーカサス地方の資源地帯を確保すべく	
458	0x04c51c	17	迅速に戦線を突破しなければならない	
459	0x04c540	18	貴軍はルヴォフ要塞を迅速に無力化せよ	
460	0x04c566	5	ウクライナ	
461	0x04c572	15	重要都市キエフは教倉地帯である	
462	0x04c592	16	ウクライナを抑える重要拠点である	
463	0x04c5b4	18	ソ連の継戦能力を破壊するためには必ず	
464	0x04c5da	9	確保する必要がある	
465	0x04c5ee	17	貴軍の任務は、大都市キエフを確保し	
466	0x04c612	16	付近のソ連軍を掃討することにある	
467	0x04c634	4	ロストフ	
468	0x04c63e	18	ロストフは油田地帯を要するコーカサス	
469	0x04c664	11	へ至る交通の要衝である	
470	0x04c67c	15	貴軍はドン河を渡河しロストフを	
471	0x04c69c	4	確保せよ	
472	0x04c6a6	18	ソ連は大量の予備軍を投入している模様	
473	0x04c6cc	6	注意されたし	
474	0x04c6da	8	ブラウ（青）作戦	
475	0x04c6ec	15	ソ連軍の冬期反攻が停止した今、	
476	0x04c70c	18	我々のすべきことは敵に立ち上がる力と	
477	0x04c732	12	時間を与えないことである	
478	0x04c74c	16	そこで貴軍は全兵力を迅速に南部に	
479	0x04c76e	14	進撃しドン河前面の敵を掃討し	
480	0x04c78c	13	コーカサスの油田を奪取せよ	
481	0x04c7a8	11	スターリングラード攻防	
482	0x04c7c0	18	スターリングラード市の包囲は完成した	
483	0x04c7e6	16	しかしながら市内には未だソ連軍が	
484	0x04c808	17	立てこもり街は着々と陣地化されつつ	
485	0x04c82c	2	ある	
486	0x04c832	14	冬期にソ連軍の大規模な反撃が	
487	0x04c850	10	予想されるため早期に	
488	0x04c866	15	スターリングラード市を無力化し	
489	0x04c886	15	防御態勢を整えなければならない	
490	0x04c8a6	11	したがって貴軍の任務は	
491	0x04c8be	18	スターリングラード市の早期占領にある	
492	0x04c8e4	14	タイフーン（台風）作戦 年月	
493	0x04c902	18	勢いに兼る我が軍はスターリングラード	
494	0x04c928	15	攻略後、破竹の勢いでモスクワに	
495	0x04c948	7	せまりつつある	
496	0x04c958	16	貴軍の任務はモスクワへの進撃路を	
497	0x04c97a	9	確保することにある	
498	0x04c98e	18	敵の防衛線が以前より厳重であることが	
499	0x04c9b4	5	予想される	
500	0x04c9c0	6	充分注意せよ	
501	0x04c9ce	7	モスクワ 年月	
502	0x04c9de	14	我々は再度この地にやってきた	
503	0x04c9fc	17	今こそモスクワを攻略し長らく続いた	
504	0x04ca20	14	本欧州大戦に終止符をうつのだ	
505	0x04ca3e	18	これがモスクワ攻略の最後の機会となる	
506	0x04ca64	18	貴軍は冬期の訪れる前に要塞線を突破し	
507	0x04ca8a	14	モスクワの政治中枢を制圧せよ	
508	0x04caa8	19	ヴィンターゲヴィッター（冬の突風）作戦	
509	0x04cad0	13	今やスターリングラード市の	
510	0x04caec	17	ドイツ第6軍は総統閣下の死守命令に	
511	0x04cb10	17	より3倍以上のソ連軍に完全に包囲さ	
512	0x04cb34	9	れている状況にある	
513	0x04cb48	18	第6軍に対する航空輸送も航空機の不足	
514	0x04cb6e	16	からごくわずかなものとなっている	
515	0x04cb90	16	この危機的状況を打破すべく貴軍は	
516	0x04cbb2	18	アクセイ河を突破し第6軍を脱出させよ	
517	0x04cbd8	4	ハリコフ	
518	0x04cbe2	17	スターリングラードから続くソ連軍の	
519	0x04cc06	14	攻勢は終末点に近づきつつある	
520	0x04cc24	18	勝利の勢いに兼るソ連軍は我が軍後方の	
521	0x04cc4a	18	ドニエプロペトロフスクを抑え、我が軍	
522	0x04cc70	15	を包囲してくることが予想される	
523	0x04cc90	16	貴軍の任務は突進力を失いつつある	
524	0x04ccb2	17	ソ連軍を撃退しハリコフ市を奪還する	
525	0x04ccd6	5	ことにある	
526	0x04cce2	11	ツィタデレ（城塞）作戦	
527	0x04ccfa	18	今やソ連軍は、クルスクにおいて東西に	
528	0x04cd20	15	突出するという不利な状況にある	
529	0x04cd40	15	貴軍は突出部の南北からソ連軍を	
530	0x04cd60	11	挟撃して一気に撃減せよ	
531	0x04cd78	16	本作戦が成功すれば、戦線の膠着を	
532	0x04cd9a	17	打開するだけでなく、ソ連軍の進撃を	
533	0x04cdbe	17	大幅に停止させることが可能となるで	
534	0x04cde2	3	あろう	
535	0x04cdea	6	ドニエプル河	
536	0x04cdf8	15	東部戦線にて後退の続く我が軍は	
537	0x04ce18	17	ドニエプル河西岸を死守ラインとして	
538	0x04ce3c	14	ソ連軍を迎えうつこととなった	
539	0x04ce5a	16	貴軍の任務は渡河してくるソ連軍を	
540	0x04ce7c	18	撃減し橋頭堡の確保を食い止めることに	
541	0x04cea2	2	ある	
542	0x04cea8	5	オーデル河	
543	0x04ceb4	17	ソ連軍は旧ポーランド東部国境を越え	
544	0x04ced8	18	着実にベルリンに向け進撃を続けている	
545	0x04cefe	15	1月16日現在、ワルシャワ市は	
546	0x04cf1e	18	陥落寸前の状態にありケーニヒスベルク	
547	0x04cf44	18	の中央軍集団も包囲を受けている状態に	
548	0x04cf6a	2	ある	
549	0x04cf70	18	貴軍の任務はドイツ国内の防備が固まる	
550	0x04cf96	17	までソ連軍の進撃を遅滞させることに	
551	0x04cfba	2	ある	
552	0x04cfc0	17	オーデル河を最終防衛線としソ連軍を	
553	0x04cfe4	4	暫撃せよ	
554	0x04cfee	24	フリューリンクスエアヴァッヘン（春のめざめ）作戦	
555	0x04d020	17	我らが同盟国ハンガリーは今やソ連の	
556	0x04d044	6	支配下にある	
557	0x04d052	18	ハンガリーは我が軍の燃料供給地であり	
558	0x04d078	18	他に供給手段のない我々としてはこの地	
559	0x04d09e	18	を抑えられるということは死を意味する	
560	0x04d0c4	17	貴軍の任務はハンガリーからソ連軍を	
561	0x04d0e8	17	駆逐し本国への燃料供給路を確保する	
562	0x04d10c	5	ことにある	
563	0x04d118	14	貴軍は首都ブダペストに籠もる	
564	0x04d136	18	ソ連軍を撃破しブダペスト市を解放せよ	
565	0x04d15c	6	ベルリン陥落	
566	0x04d16a	9	最後の指令を伝える	
567	0x04d17e	18	現在、ベルリン市はソ連軍により完全に	
568	0x04d1a4	7	包囲されている	
569	0x04d1b4	15	対する我が軍の戦力は諸君の軍と	
570	0x04d1d4	18	老人子供により編成された防衛軍のみで	
571	0x04d1fa	2	ある	
572	0x04d200	14	我が国の降伏は逃れられないが	
573	0x04d21e	12	ソ連に対する無条件降伏は	
574	0x04d238	18	市民に大いなる不幸を与えることとなる	
575	0x04d25e	4	であろう	
576	0x04d268	18	貴軍の任務はアメリカ及びイギリス軍が	
577	0x04d28e	18	到達するまでベルリンを死守することに	
578	0x04d2b4	2	ある	
579	0x04d2ba	8	貴軍の健闘を祈る	
580	0x04d2cc	2	難局	
581	0x04d2d2	11	総統の厳命を次に伝える	
582	0x04d2ea	18	我が軍は偶然にも南方の地に遺跡が存在	
583	0x04d310	12	するという託宣を入手した	
584	0x04d32a	18	貴軍は、速やかに南極に赴き、秘密裡に	
585	0x04d350	10	遺跡の内部を調査せよ	
586	0x04d366	18	そして、遺跡深部に存在すると思われる	
587	0x04d38c	18	聖杯を探し出し、何としても聖杯と共に	
588	0x04d3b2	15	我が総統のもとへ帰還して欲しい	
589	0x04d3d2	18	現在、我が軍の戦況は極めて不利であり	
590	0x04d3f8	17	総統曰く、その聖杯がドイツ軍復活の	
591	0x04d41c	12	最大の鍵になるとのことだ	
592	0x04d436	15	遺跡には国籍不明の未確認物体も	
593	0x04d456	12	目撃されている模様である	
594	0x04d470	14	貴軍の忠実なる奮起に期待する	
595	0x04d48e	8	バルバロッサ作戦	
596	0x04d4a0	14	イギリスとの講和がなった今、	
597	0x04d4be	17	潜在的敵対国家ソ連を無力化するべく	
598	0x04d4e2	17	ソ連侵攻作戦「バルバロッサ」が発動	
599	0x04d506	3	された	
600	0x04d50e	16	イギリス陥落後、警戒したソ連軍は	
601	0x04d530	12	防衛体制を強化しつつある	
602	0x04d54a	18	貴軍はミンスク市を確保し可能であれば	
603	0x04d570	17	ソ連西戦線方面軍を包囲・せん減せよ	
604	0x04d594	6	スモレンスク	
605	0x04d5a2	16	貴軍の任務はドニエプル河を迅速に	
606	0x04d5c4	17	渡河しモスクワ街道の入り口に当たる	
607	0x04d5e8	18	要衝スモレンスクを確保することにある	
608	0x04d60e	18	スモレンスク付近に優勢なる装甲部隊が	
609	0x04d634	6	存在する模様	
610	0x04d642	6	注意されたし	
611	0x04d650	11	タイフーン（台風）作戦	
612	0x04d668	13	敵首都モスクワは目前にある	
613	0x04d684	16	貴軍の任務はモスクワへの進撃路を	
614	0x04d6a6	9	確保することにある	
615	0x04d6ba	15	敵の防衛線が厳重に引かれている	
616	0x04d6da	6	公算は大きい	
617	0x04d6e8	6	充分注意せよ	
618	0x04d6f6	4	モスクワ	
619	0x04d700	18	モスクワ市はソ連の政治中枢都市であり	
620	0x04d726	18	市の陥落は我がドイツ第三帝国による欧	
621	0x04d74c	8	州統一を意味する	
622	0x04d75e	18	貴軍は冬期の訪れる前に要塞線を突破し	
623	0x04d784	14	モスクワの政治中枢を制圧せよ	
624	0x04d7a2	3	キエフ	
625	0x04d7aa	18	重要都市キエフは後背部の安全を計る為	
626	0x04d7d0	17	冬季到来の前に占領しておかなければ	
627	0x04d7f4	4	ならない	
628	0x04d7fe	17	ドニエプル河対岸にソ連軍は展開して	
629	0x04d822	16	おり南方からの進撃を抑える行動に	
630	0x04d844	4	出ている	
631	0x04d84e	18	貴軍の任務は、大都市キエフを南北から	
632	0x04d874	11	挟撃し包囲・せん減せよ	
633	0x04d88c	11	タイフーン（台風）作戦	
634	0x04d8a4	13	敵首都モスクワは目前にある	
635	0x04d8c0	16	貴軍の任務はモスクワへの進撃路を	
636	0x04d8e2	9	確保することにある	
637	0x04d8f6	15	敵の防衛線が厳重に引かれている	
638	0x04d916	6	公算は大きい	
639	0x04d924	16	しかるに冬期の到来はせまっている	
640	0x04d946	13	よって迅速に作戦を遂行せよ	
641	0x04d962	4	モスクワ	
642	0x04d96c	18	モスクワ市はソ連の政治中枢都市であり	
643	0x04d992	17	市の陥落は我がドイツ第三帝国による	
644	0x04d9b6	9	欧州統一を意味する	
645	0x04d9ca	18	貴軍は冬期の訪れる前に要塞線を突破し	
646	0x04d9f0	14	モスクワの政治中枢を制圧せよ	
647	0x04da0e	14	ゼーレーヴェ（あしか）2作戦	
648	0x04da2c	17	貴軍の任務は再度英仏海峡の制海権を	
649	0x04da50	15	確保し輸送船団をポーツマス及び	
650	0x04da70	15	ドーバーに上陸させることにある	
651	0x04da90	16	敵空軍と戦闘艦艇は以前より大幅に	
652	0x04dab2	7	増強されている	
653	0x04dac2	16	よって上陸阻止攻撃は犠烈なものと	
654	0x04dae4	6	なるであろう	
655	0x04daf2	6	注意されたし	
656	0x04db00	18	尚、本作戦では輸送の面から貴軍の配下	
657	0x04db26	7	は使用できない	
658	0x04db36	17	従って貴官は現地兵力を率いて戦いに	
659	0x04db5a	6	臨んで欲しい	
660	0x04db68	7	イギリス攻略 	
661	0x04db78	18	先の戦闘によりイギリス本土の制空権は	
662	0x04db9e	15	かろうじて我が軍のものとなった	
663	0x04dbbe	15	貴軍の任務は制空権を維持しつつ	
664	0x04dbde	18	残存する敵戦力を掃討し敵首都ロンドン	
665	0x04dc04	16	及び港湾都市リバプールを攻略する	
666	0x04dc26	5	ことにある	
667	0x04dc32	18	イギリスの陥落は我がドイツ第三帝国に	
668	0x04dc58	11	よる欧州統一を意味する	
669	0x04dc70	8	貴軍の健闘を祈る	
670	0x04dc82	13	ニューファンドランド沖海戦	
671	0x04dc9e	16	イギリス・フランス政府はカナダに	
672	0x04dcc0	16	亡命政権を打ち立てアメリカと共に	
673	0x04dce2	10	徹底抗戦を唱えていた	
674	0x04dcf8	13	交渉による講和手段を失った	
675	0x04dd14	13	我が軍は実力を持って目的を	
676	0x04dd30	10	完遂することとなった	
677	0x04dd46	17	貴軍の任務は、アメリカ北西部にある	
678	0x04dd6a	16	ニューファンドランド島沖合いにて	
679	0x04dd8c	16	アメリカ艦隊・イギリス残存艦隊と	
680	0x04ddae	16	会敵しこれをせん減することにある	
681	0x04ddd0	18	本作戦において、わが軍の海軍力を補う	
682	0x04ddf6	18	ために、イタリア海軍が参加する予定で	
683	0x04de1c	3	ある。	
684	0x04de24	18	尚、本作戦では輸送の面から貴軍の配下	
685	0x04de4a	8	は使用できない。	
686	0x04de5c	18	貴官はこちらで準備された兵力で戦いに	
687	0x04de82	6	臨んで欲しい	
688	0x04de90	10	アメリカ本土上陸作戦	
689	0x04dea6	18	ボストンより上陸した我が軍は電撃的に	
690	0x04decc	17	カナダ首都モントリオールを陥落し、	
691	0x04def0	18	5大湖周辺の工業地帯を射程におさめた	
692	0x04df16	18	カナダ政府及び連合国臨時政府はオタワ	
693	0x04df3c	18	に後退、残存軍を集結させている模様で	
694	0x04df62	2	ある	
695	0x04df68	18	貴軍の任務はアメリカ首都ワシントンを	
696	0x04df8e	18	陥落し連合国に城下の盟を誓わせること	
697	0x04dfb4	3	にある	
698	0x04dfbc	12	ドイツ第三帝国に栄光あれ	
