0	0x012d14	5	1914年
1	0x012d20	2	8月
2	0x012d26	15	ドイツ帝国、ロシア・フランスに
3	0x012d46	12	宣戦{526}{527}
4	0x012d50	11	第一次欧州大戦はじまる
5	0x012d72	8	1918年11月
6	0x012d84	15	ドイツ・連合国間で休戦条約締結
7	0x012dae	5	1919年
8	0x012dba	2	1月
9	0x012dc0	8	パリ講和会議開催
10	0x012dd2	2	3月
11	0x012dd8	12	イタリアにてファシスト党
12	0x012df2	15	「戦闘ファッショ」が結成される
13	0x012e12	2	6月
14	0x012e18	15	ドイツ、ヴェルサイユ条約に調印
15	0x012e38	14	再軍備の禁止・ラインラントの
16	0x012e56	13	占領・植民地の没収を受ける
17	0x012e7c	5	1920年
18	0x012e88	3	11月
19	0x012e90	13	アメリカ大統領ウィルソンの
20	0x012eac	16	呼びかけにより、国際連盟創設され
21	0x012ece	7	41カ国が参加
22	0x012ede	16	しかし、合衆国自体はヴェルサイユ
23	0x012f00	16	条約に反対していることから不参加
24	0x012f2c	5	1921年
25	0x012f38	2	4月
26	0x012f3e	10	ドイツの戦争賠償金、
27	0x012f54	11	1320億マルクと決定
28	0x012f76	5	1922年
29	0x012f82	2	4月
30	0x012f88	16	ヨセフ・スターリン、ロシア共産党
31	0x012faa	6	書記長に就任
32	0x012fb8	3	10月
33	0x012fc0	15	ベニト・ムッソリーニがイタリア
34	0x012fe0	5	首相に就任
35	0x012fec	3	12月
36	0x012ff4	14	ソビエト連邦樹立が宣言される
37	0x01301c	5	1923年
38	0x013028	2	1月
39	0x01302e	16	フランス・ベルギーがルール地方を
40	0x013050	2	占領
41	0x013056	3	11月
42	0x01305e	9	ミュンヘン一挨発生
43	0x01307c	5	1925年
44	0x013088	2	4月
45	0x01308e	16	ドイツでヒンデンブルグ初代大統領
46	0x0130b0	3	が就任
47	0x0130b8	3	12月
48	0x0130c0	16	ラインラント、非武装化地帯になる
49	0x0130ec	5	1926年
50	0x0130f8	2	9月
51	0x0130fe	11	ドイツ、国際連盟に加入
52	0x013120	5	1929年
53	0x01312c	3	10月
54	0x013134	16	ニューヨークにて世界恐慌はじまる
55	0x013160	5	1931年
56	0x01316c	2	5月
57	0x013172	16	フランス政府の圧力により、ドイツ
58	0x013194	10	国内の銀行倒産相次ぐ
59	0x0131aa	13	ドイツ国民の3分の1が失業
60	0x0131d0	5	1932年
61	0x0131dc	2	7月
62	0x0131e2	11	ドイツで国民総選挙開催
63	0x0131fa	13	ナチスが第一党に選出される
64	0x013216	12	この時点で、ドイツ国内の
65	0x013230	11	失業者数、約600万人
66	0x013252	5	1933年
67	0x01325e	2	1月
68	0x013264	14	ナチス党首アドルフ・ヒトラー
69	0x013282	8	ドイツ首相に就任
70	0x013294	13	ワイマール共和国は崩壊した
71	0x0132b0	3	10月
72	0x0132b8	11	ドイツ、国際連盟を脱退
73	0x0132da	5	1934年
74	0x0132e6	2	1月
75	0x0132ec	11	ドイツ・ポーランド間で
76	0x013304	11	不可侵条約が締結される
77	0x01331c	2	8月
78	0x013322	13	ヒンデンブルグ大統領が死去
79	0x01333e	8	ヒトラー総統宣言
80	0x01335a	5	1935年
81	0x013366	13	ドイツ装甲師団が創設される
82	0x0133fa	7	へいきみるのだ
83	0x01340a	4	みみたぶ
84	0x013414	3	マリコ
85	0x01341c	6	パイナップル
86	0x01342a	4	おやびん
87	0x013434	3	ニヤリ
88	0x01343c	3	マリヲ
89	0x013444	4	ゆきむね
90	0x01344e	5	カメレオン
91	0x01345a	3	ステア
92	0x013462	7	クリスティーヌ
93	0x013474	13	現在士官学校にて▶訓練中▶
94	0x013490	33	南方軍集団の一翼▶として、クラカウ▶前面でポーランド▶軍と交戦中▶
95	0x0134d4	18	現在ワルシャワ攻▶略に向けて進軍中▶
96	0x0134fa	26	ディール河沿岸の▶連合軍防衛線を突▶破すべく交戦中▶
97	0x013530	27	現在、セダンを攻▶略すべく、アルデ▶ンヌの森を突破中▶
98	0x013568	31	現在、英仏防衛部▶隊を撃破しつつ、▶パリ攻略に向けて▶進軍中▶
99	0x0135a8	36	現在、イギリス・▶フランスの残存部▶隊を追撃しつつ、▶パリに向け進軍中▶
100	0x0135f2	31	現在、フランス艦▶隊を奪取すべく、▶ブレスト港に向け▶進軍中▶
101	0x013632	30	現在、英仏海峡の▶制空権確保の為、▶イギリス空軍と交▶戦中▶
102	0x013670	18	現在、イギリス本▶土上陸作戦実行中▶
103	0x013696	36	現在、イギリス軍▶防衛部隊と交戦し▶つつ、首都ロンド▶ンを目指し進軍中▶
104	0x0136e0	18	現在、補給船団を▶地中海にて護衛中▶
105	0x013706	42	現在、トブルクに▶侵攻したイギリス▶軍をせん滅すべく▶ハルファヤ峠にて▶作戦行動中▶
106	0x01375c	39	現在、北アフリカ▶の覇権をかけて、▶エルアラメインに▶てイギリス軍と交▶戦中▶
107	0x0137ac	33	現在、バクー油田▶奪取を目指し、コ▶ーカサス山脈を越▶え、進軍中▶
108	0x0137f0	23	現在、トブルクに▶こもるイギリス軍▶と交戦中▶
109	0x013820	43	現在、北アフリカ▶における戦いに終▶止符を打つべく、▶アレキサンドリア▶に向け進軍中▶
110	0x013878	24	現在、輸送船団を▶護衛しつつ、地中▶海を渡航中▶
111	0x0138aa	24	現在、トブルクの▶イギリス軍防衛線▶にて交戦中▶
112	0x0138dc	24	地中海の制海権を▶かけ、イギリス海▶軍と交戦中▶
113	0x01390e	27	現在、エルアラメ▶インのイギリス軍▶陣地に対し攻勢中▶
114	0x013946	26	現在、チュニジア▶にて、連合軍の上▶陸部隊と交戦中▶
115	0x01397c	22	現在、シシリーに▶おいて、撤退戦を▶実施中▶
116	0x0139aa	26	現在、イタリアの▶グスタフ線にて、▶連合軍と交戦中▶
117	0x0139e0	34	ノルマンディ海岸▶に上陸した連合軍▶の侵攻をくい止め▶るべく戦闘中▶
118	0x013a26	34	現在、アルデンヌ▶にて、連合軍に対▶する大規模な反攻▶作戦を実施中▶
119	0x013a6c	34	現在、連合軍と共▶同で、ポーランド▶に侵入したソビエ▶ト軍を掃討中▶
120	0x013ab2	25	現在、ドン河前面▶に展開するソビエ▶ト軍と交戦中▶
121	0x013ae6	31	現在、スターリン▶グラードにたてこ▶もるソビエト軍を▶掃討中▶
122	0x013b26	23	現在、ソビエト首▶都モスクワに向け▶て進軍中▶
123	0x013b56	18	現在、クレムリン▶を目指し、進軍中▶
124	0x013b7c	30	現在、ユーゴスラ▶ビアにて、反乱鎮▶圧のために作戦行▶動中▶
125	0x013bba	25	現在、ポーランド▶国境を越え、ミン▶スクを包囲中▶
126	0x013bee	16	現在、ドニエプル▶河渡河作戦中▶
127	0x013c10	31	現在、敵の防衛戦▶を突破しつつ、首▶都モスクワに向け▶進軍中▶
128	0x013c50	17	現在、クレムリン▶に向け、進軍中▶
129	0x013c74	17	現在、キエフを攻▶略すべく進軍中▶
130	0x013c98	31	現在、敵の防衛戦▶を突破しつつ、首▶都モスクワに向け▶進軍中▶
131	0x013cd8	17	現在、クレムリン▶に向け、進軍中▶
132	0x013cfc	31	現在、バルバロッ▶サ作戦の初戦とし▶てルヴォフ要塞を▶攻略中▶
133	0x013d3c	17	現在、キエフを攻▶略すべく進軍中▶
134	0x013d60	16	現在、ロストフに▶向けて進軍中▶
135	0x013d82	24	現在、コーカサス▶の油田奪取のため▶作戦行動中▶
136	0x013db4	30	現在、スターリン▶グラードの完全制▶圧に向け、作戦行▶動中▶
137	0x013df2	25	現在、モスクワの▶占領に向け、敵防▶衛戦を突破中▶
138	0x013e26	30	現在、欧州大戦の▶終結を目指し、▶クレムリン目指し▶進撃中▶
139	0x013e64	32	現在、スターリン▶グラードで孤立中▶の第6軍救出作戦▶を敢行中▶
140	0x013ea6	36	現在、攻勢の鈍る▶ソビエト軍を撃破▶しつつ、ハリコフ▶奪回作戦を敢行中▶
141	0x013ef0	39	現在、クルスクに▶おいて、突出した▶ソビエト軍をせん▶滅すべく、作戦行▶動中▶
142	0x013f40	39	現在、ドニエプル▶河の防衛戦にて、▶ソビエト軍の進撃▶を阻止すべく、戦▶闘中▶
143	0x013f90	40	現在、ソビエト軍▶のドイツ国内侵入▶を阻止すべく、▶ポーランドにて防▶衛作戦中▶
144	0x013fe2	41	現在、ハンガリー▶の油田を死守すべ▶く、侵入したソビ▶エト軍の掃討作戦▶を実施中▶
145	0x014036	23	ベルリンを死守す▶べく、最後の作戦▶を遂行中▶
146	0x014066	25	現在、正体不明の▶新たなる敵に遭遇▶これと交戦中▶
147	0x01409a	25	現在、ポーランド▶国境を越え、ミン▶スクを包囲中▶
148	0x0140ce	20	現在、ドニエプル▶河渡河作戦を▶遂行中▶
149	0x0140f8	31	現在、敵の防衛戦▶を突破しつつ、首▶都モスクワに向け▶進軍中▶
150	0x014138	18	現在、クレムリン▶を目指し、進軍中▶
151	0x01415e	17	現在、キエフを攻▶略すべく進軍中▶
152	0x014182	31	現在、敵の防衛戦▶を突破しつつ、首▶都モスクワに向け▶進軍中▶
153	0x0141c2	17	現在、クレムリン▶に向け、進軍中▶
154	0x0141e6	18	現在、イギリス本▶土上陸作戦実行中▶
155	0x01420c	36	現在、イギリス軍▶防衛部隊と交戦し▶つつ、首都ロンド▶ンを目指し進軍中▶
156	0x014256	39	現在、合衆国本土▶上陸作戦に先駆け▶北大西洋の制海権▶を奪取すべく、航▶行中▶
157	0x0142a6	25	現在、合衆国本土▶において、最後の▶作戦を遂行中▶
158	0x0142da	13	士官学校用の▶マップです▶
159	0x0142f6	25	1939年9月▶ポーランド侵攻▶直後のマップです▶
160	0x01432a	18	ワルシャワ侵攻時▶を再現しています▶
