name_jp	kind	count	latin	len
ガーランド	person	23	Galland	7
ホト	person	16	Hoth	4
クルーゲ	person	14	Kluge	5
ケッセルリンク	person	13	Kesselrg	8
グデーリアン	person	13	Guderian	8
ロンメル	person	11	Rommel	6
リヒトホーヘン	person	11	Richthfn	8
ヘープナー	person	10	Hoepner	7
マンシュタイン	person	7	Manstein	8
パウルス	person	6	Paulus	6
ヴァイクス	person	5	Weichs	6
ライヘナウ	person	3	Reichnau	8
リヒトフォーヘン	person	2	Richthfn	8
メルダース	person	2	Molders	7
クルーベル	person	2	Kluber	6
モーデル	person	2	Model	5
クライスト	person	2	Kleist	6
ラインハルト	person	1	Reinhrdt	8
マジノFort	person	1	Maginot	7
ガーランドAf	person	1	GallndAF	8
レーダー	person	1	Raeder	6
Hブタイ	person	1	H-unit	6
トリエステD	person	1	Triest-D	8
アリエテTk	person	1	Ariet-Tk	8
ボローニャD	person	1	Bologn-D	8
ブレッシアD	person	1	Bresci-D	8
サボナD	person	1	Savona-D	8
トレントD	person	1	Trento-D	8
パビアD	person	1	Pavia-D	7
アルニム	person	1	Arnim	5
スコルッツニー	person	1	Skorzeny	8
マントイフェル	person	1	Manteufl	8
デートリッヒ	person	1	Dietrich	8
ポポフTk	person	1	Popov-Tk	8
ハウサー	person	1	Hausser	7
ケンプ	person	1	Kempf	5
ヴェーラー	person	1	Wohler	6
ロドリゲス	person	1	Rodrigz	7
Team.PP	force	30	Team.PP	7
ソビエト2AF	force	16	Sov-2AF	7
ソビエト1AF	force	13	Sov-1AF	7
テキ	force	8	Enemy	5
ソビエト16A	force	7	Sov-16A	7
ソビエト30A	force	7	Sov-30A	7
14th.AFt	force	6	14thAFt	7
ソビエト57A	force	6	Sov-57A	7
ソビエト38A	force	6	Sov-38A	7
ソビエト33A	force	6	Sov-33A	7
ソビエト43A	force	6	Sov-43A	7
ソビエト62A	force	5	Sov-62A	7
ソビエト51A	force	5	Sov-51A	7
ソビエト66A	force	5	Sov-66A	7
ソビエト24A	force	5	Sov-24A	7
ソビエト5A	force	5	Sov-5A	6
ルーマニア4A	force	4	Rom-4A	6
ソビエト19A	force	4	Sov-19A	7
ソビエト31A	force	4	Sov-31A	7
ソビエト29A	force	4	Sov-29A	7
ソビエト39A	force	4	Sov-39A	7
ソビエト4SA	force	4	Sov-4SA	7
ソビエト12A	force	4	Sov-12A	7
ソビエト1SA	force	4	Sov-1SA	7
ソビエト1Tk	force	4	Sov-1Tk	7
ソビエト3AF	force	4	Sov-3AF	7
ソビエトAF	force	3	Sov-AF	6
ソビエト50A	force	3	Sov-50A	7
ソビエト32A	force	3	Sov-32A	7
ソビエト20A	force	3	Sov-20A	7
ソビエト49A	force	3	Sov-49A	7
ドイツ2Pz	force	3	Ger-2Pz	7
ドイツ2A	force	3	Ger-2A	6
ソビエト1GA	force	3	Sov-1GA	7
ソビエト40A	force	3	Sov-40A	7
ソビエト48A	force	3	Sov-48A	7
ソビエト13A	force	3	Sov-13A	7
ソビエト70A	force	3	Sov-70A	7
ソビエト65A	force	3	Sov-65A	7
ソビエト27A	force	3	Sov-27A	7
ソビエト53A	force	3	Sov-53A	7
70thD	force	2	70thD	5
32Arm	force	2	32Arm	5
ソビエト64A	force	2	Sov-64A	7
ソビエト7A	force	2	Sov-7A	6
ソビエト28A	force	2	Sov-28A	7
ルーマニアAF	force	2	Rom-AF	6
ソビエト6A	force	2	Sov-6A	6
ソビエト37A	force	2	Sov-37A	7
ソビエトホウヘイ	force	2	Sov-Inf	7
ソビエトヨビヘイ	force	2	Sov-Rsv	7
イタリア8A	force	2	It-8A	5
ソビエト5SA	force	2	Sov-5SA	7
ソビエト2GA	force	2	Sov-2GA	7
ヨビグン1	force	2	Rsv-1	5
ヨビグン2	force	2	Rsv-2	5
ソビエト5TA	force	2	Sov-5TA	7
ソビエト21A	force	2	Sov-21A	7
ヨビグン3	force	2	Rsv-3	5
ソビエト69A	force	2	Sov-69A	7
ソビエト2TkA	force	2	Sov-2TkA	8
ソビエト60A	force	2	Sov-60A	7
ソビエト7GA	force	2	Sov-7GA	7
ソビエト6GA	force	2	Sov-6GA	7
ソビエト4AF	force	2	Sov-4AF	7
ベルギーDfCp	force	1	Bel-DfCp	8
ベルギーCp	force	1	Bel-Cp	6
ベルギーAF	force	1	Bel-AF	6
フランス2A	force	1	Fr-2A	5
フランス9A	force	1	Fr-9A	5
フランスAF	force	1	Fr-AF	5
フランス1A	force	1	Fr-1A	5
BEF	force	1	BEF	3
イタリア1AF	force	1	It-1AF	6
イタリア2AF	force	1	It-2AF	6
イタリア1FT	force	1	It-1FT	6
イタリア2FT	force	1	It-2FT	6
チチュウカイFT	force	1	Med-FT	6
RAF	force	1	RAF	3
イギリスTr	force	1	UK-Tr	5
イタリアAF	force	1	It-AF	5
4thArm	force	1	4thArm	6
7thArm	force	1	7thArm	6
22ndGd	force	1	22ndGd	6
1stSAD	force	1	1stSAD	6
RAF1	force	1	RAF1	4
4thIND	force	1	4thIND	6
2ndNZD	force	1	2ndNZD	6
RAF2	force	1	RAF2	4
イギリス26AB	force	1	UK-26AB	7
イギリス1GD	force	1	UK-1GD	6
イギリス6AD	force	1	UK-6AD	6
イギリスAF	force	1	UK-AF	5
アメリカ1AD	force	1	US-1AD	6
アメリカ2ACp	force	1	US-2ACp	7
アメリカ9D	force	1	US-9D	5
アメリカ34D	force	1	US-34D	6
アメリカAF	force	1	US-AF	5
アメリカ12Cp	force	1	US-12Cp	7
アメリカ18Cp	force	1	US-18Cp	7
アメリカ3Cp	force	1	US-3Cp	6
アメリカ7Cp	force	1	US-7Cp	6
アメリカ5Cp	force	1	US-5Cp	6
アメリカ8Cp	force	1	US-8Cp	6
アメリカAF1	force	1	US-AF1	6
アメリカAF2	force	1	US-AF2	6
アメリカ19Cp	force	1	US-19Cp	7
アメリカ13Cp	force	1	US-13Cp	7
イギリス12Cp	force	1	UK-12Cp	7
イギリス8Cp	force	1	UK-8Cp	6
イギリスAF1	force	1	UK-AF1	6
イギリスAF2	force	1	UK-AF2	6
イギリス30Cp	force	1	UK-30Cp	7
カナダ1A	force	1	Can-1A	6
ソビエトAF1	force	1	Sov-AF1	7
ソビエト1TkA	force	1	Sov-1TkA	8
ソビエトAF2	force	1	Sov-AF2	7
ソビエトCGp	force	1	Sov-CGp	7
ヨビヘイダン	force	1	Rsv-Corp	8
ソビエト26A	force	1	Sov-26A	7
ソビエト3Tk	force	1	Sov-3Tk	7
ソビエト3GTk	force	1	Sov-3GTk	8
ソビエト2Tk	force	1	Sov-2Tk	7
ソビエト16AF	force	1	Sov-16AF	8
ソビエト4GD	force	1	Sov-4GD	7
ソビエト5GD	force	1	Sov-5GD	7
ソビエト6GD	force	1	Sov-6GD	7
ソビエト5GTk	force	1	Sov-5GTk	8
ソビエト7GD	force	1	Sov-7GD	7
RハンターG	force	1	Rhnt-G	6
RハンターAF	force	1	Rhnt-AF	7
ナンキョクHQ	force	1	Antc-HQ	7
ナンキョクMA	force	1	Antc-MA	7
ナンキョクA	force	1	Antc-A	6
ナンキョクAF	force	1	Antc-AF	7
