name_jp	kind	count	files
ガーランド	person	23	/M16/UPK;/M38/UPK;/M39/UPK;/M40/UPK;/M41/UPK;/M42/UPK;/M43/UPK;/M44/UPK;/M46/UPK;/M47/UPK;/M52/UPK;/M53/UPK;/M54/UPK;/M55/UPK;/M56/UPK;/M57/UPK;/M58/UPK;/M59/UPK;/M60/UPK;/M61/UPK;/M62/UPK;/M63/UPK;/M64/UPK
ホト	person	16	/M27/UPK;/M29/UPK;/M32/UPK;/M33/UPK;/M34/UPK;/M37/UPK;/M42/UPK;/M43/UPK1;/M44/UPK;/M46/UPK1;/M47/UPK;/M48/UPK1;/M49/UPK;/M55/UPK;/M56/UPK;/M59/UPK
クルーゲ	person	14	/M04/UPK1;/M08/UPK1;/M29/UPK;/M30/UPK;/M33/UPK;/M34/UPK;/M35/UPK;/M36/UPK1;/M37/UPK;/M44/UPK;/M56/UPK;/M57/UPK;/M59/UPK;/M60/UPK
ケッセルリンク	person	13	/M04/UPK1;/M08/UPK;/M08/UPK1;/M15/UPK1;/M18/UPK;/M21/UPK1;/M25/UPK1;/M36/UPK;/M36/UPK1;/M37/UPK;/M40/UPK;/M46/UPK1;/M48/UPK1
グデーリアン	person	13	/M04/UPK1;/M26/UPK;/M29/UPK;/M32/UPK;/M33/UPK;/M34/UPK;/M37/UPK;/M44/UPK;/M54/UPK;/M55/UPK;/M56/UPK;/M59/UPK;/M64/UPK
ロンメル	person	11	/M12/UPK;/M13/UPK;/M14/UPK;/M15/UPK;/M15/UPK1;/M16/UPK;/M18/UPK;/M20/UPK;/M21/UPK;/M21/UPK1;/M64/UPK
リヒトホーヘン	person	11	/M27/UPK;/M29/UPK;/M34/UPK;/M36/UPK1;/M42/UPK;/M43/UPK1;/M44/UPK;/M47/UPK;/M48/UPK1;/M56/UPK;/M59/UPK
ヘープナー	person	10	/M29/UPK;/M30/UPK;/M34/UPK;/M35/UPK;/M37/UPK;/M44/UPK;/M56/UPK;/M57/UPK;/M59/UPK;/M60/UPK
マンシュタイン	person	7	/M41/UPK;/M46/UPK;/M46/UPK1;/M47/UPK;/M48/UPK1;/M49/UPK;/M64/UPK
パウルス	person	6	/M27/UPK;/M28/UPK;/M42/UPK;/M43/UPK1;/M46/UPK;/M46/UPK1
ヴァイクス	person	5	/M30/UPK;/M35/UPK;/M47/UPK;/M57/UPK;/M60/UPK
ライヘナウ	person	3	/M04/UPK1;/M36/UPK1;/M40/UPK
リヒトフォーヘン	person	2	/M08/UPK;/M08/UPK1
メルダース	person	2	/M08/UPK;/M08/UPK1
クルーベル	person	2	/M15/UPK1;/M21/UPK1
モーデル	person	2	/M25/UPK1;/M48/UPK1
クライスト	person	2	/M36/UPK1;/M40/UPK
ラインハルト	person	1	/M04/UPK1
マジノFort	person	1	/M04/UPK1
ガーランドAf	person	1	/M08/UPK1
レーダー	person	1	/M11/UPK1
Hブタイ	person	1	/M11/UPK1
トリエステD	person	1	/M15/UPK1
アリエテTk	person	1	/M15/UPK1
ボローニャD	person	1	/M15/UPK1
ブレッシアD	person	1	/M15/UPK1
サボナD	person	1	/M15/UPK1
トレントD	person	1	/M15/UPK1
パビアD	person	1	/M15/UPK1
アルニム	person	1	/M21/UPK1
スコルッツニー	person	1	/M25/UPK1
マントイフェル	person	1	/M25/UPK1
デートリッヒ	person	1	/M25/UPK1
ポポフTk	person	1	/M47/UPK
ハウサー	person	1	/M48/UPK1
ケンプ	person	1	/M48/UPK1
ヴェーラー	person	1	/M49/UPK
ロドリゲス	person	1	/M53/UPK
Team.PP	force	30	/M00/UPK;/M00/UPK1;/M00/UPK2;/M00/UPK3;/M00/UPK4;/M00/UPK5;/M16/UPK;/M38/UPK;/M39/UPK;/M40/UPK;/M41/UPK;/M42/UPK;/M43/UPK;/M44/UPK;/M45/UPK;/M46/UPK;/M47/UPK;/M52/UPK;/M53/UPK;/M54/UPK;/M55/UPK;/M56/UPK;/M57/UPK;/M58/UPK;/M59/UPK;/M60/UPK;/M61/UPK;/M62/UPK;/M63/UPK;/M64/UPK
ソビエト2AF	force	16	/M29/UPK;/M30/UPK;/M34/UPK;/M35/UPK;/M36/UPK1;/M38/UPK;/M42/UPK;/M44/UPK;/M45/UPK;/M46/UPK;/M46/UPK1;/M47/UPK;/M48/UPK;/M48/UPK1;/M49/UPK
ソビエト1AF	force	13	/M29/UPK;/M30/UPK;/M34/UPK;/M35/UPK;/M36/UPK1;/M38/UPK;/M44/UPK;/M45/UPK;/M46/UPK;/M46/UPK1;/M47/UPK;/M48/UPK;/M48/UPK1
テキ	force	8	/M00/UPK;/M00/UPK1;/M00/UPK2;/M00/UPK3;/M00/UPK4
ソビエト16A	force	7	/M29/UPK;/M30/UPK;/M34/UPK;/M35/UPK;/M38/UPK;/M44/UPK;/M45/UPK
ソビエト30A	force	7	/M29/UPK;/M30/UPK;/M34/UPK;/M35/UPK;/M38/UPK;/M44/UPK;/M45/UPK
14th.AFt	force	6	/M00/UPK;/M00/UPK1;/M00/UPK2;/M00/UPK3;/M00/UPK4;/M00/UPK5
ソビエト57A	force	6	/M27/UPK;/M28/UPK;/M42/UPK;/M43/UPK;/M43/UPK1;/M49/UPK
ソビエト38A	force	6	/M27/UPK;/M36/UPK1;/M42/UPK;/M48/UPK;/M48/UPK1;/M49/UPK
ソビエト33A	force	6	/M29/UPK;/M30/UPK;/M35/UPK;/M38/UPK;/M44/UPK;/M45/UPK
ソビエト43A	force	6	/M29/UPK;/M30/UPK;/M35/UPK;/M38/UPK;/M44/UPK;/M45/UPK
ソビエト62A	force	5	/M27/UPK;/M28/UPK;/M42/UPK;/M43/UPK;/M43/UPK1
ソビエト51A	force	5	/M27/UPK;/M36/UPK1;/M42/UPK;/M46/UPK;/M46/UPK1
ソビエト66A	force	5	/M28/UPK;/M43/UPK;/M43/UPK1;/M46/UPK;/M46/UPK1
ソビエト24A	force	5	/M29/UPK;/M34/UPK;/M44/UPK;/M46/UPK;/M46/UPK1
ソビエト5A	force	5	/M30/UPK;/M35/UPK;/M36/UPK1;/M38/UPK;/M45/UPK
ルーマニア4A	force	4	/M28/UPK;/M43/UPK;/M46/UPK;/M46/UPK1
ソビエト19A	force	4	/M29/UPK;/M34/UPK;/M44/UPK
ソビエト31A	force	4	/M30/UPK;/M35/UPK;/M38/UPK;/M45/UPK
ソビエト29A	force	4	/M30/UPK;/M35/UPK;/M38/UPK;/M45/UPK
ソビエト39A	force	4	/M30/UPK;/M35/UPK;/M38/UPK;/M45/UPK
ソビエト4SA	force	4	/M30/UPK;/M35/UPK;/M38/UPK;/M45/UPK
ソビエト12A	force	4	/M30/UPK;/M35/UPK;/M38/UPK;/M45/UPK
ソビエト1SA	force	4	/M30/UPK;/M35/UPK;/M38/UPK;/M45/UPK
ソビエト1Tk	force	4	/M42/UPK;/M48/UPK;/M48/UPK1;/M49/UPK
ソビエト3AF	force	4	/M46/UPK;/M46/UPK1;/M48/UPK;/M48/UPK1
ソビエトAF	force	3	/M28/UPK;/M43/UPK;/M43/UPK1
ソビエト50A	force	3	/M29/UPK;/M34/UPK;/M44/UPK
ソビエト32A	force	3	/M29/UPK;/M34/UPK;/M44/UPK
ソビエト20A	force	3	/M29/UPK;/M34/UPK;/M44/UPK
ソビエト49A	force	3	/M29/UPK;/M34/UPK;/M44/UPK
ドイツ2Pz	force	3	/M36/UPK;/M36/UPK1;/M40/UPK
ドイツ2A	force	3	/M36/UPK;/M36/UPK1;/M40/UPK
ソビエト1GA	force	3	/M46/UPK;/M46/UPK1;/M47/UPK
ソビエト40A	force	3	/M47/UPK;/M48/UPK;/M48/UPK1
ソビエト48A	force	3	/M48/UPK;/M48/UPK1;/M49/UPK
ソビエト13A	force	3	/M48/UPK;/M48/UPK1;/M49/UPK
ソビエト70A	force	3	/M48/UPK;/M48/UPK1;/M49/UPK
ソビエト65A	force	3	/M48/UPK;/M48/UPK1;/M49/UPK
ソビエト27A	force	3	/M48/UPK;/M48/UPK1;/M49/UPK
ソビエト53A	force	3	/M48/UPK;/M48/UPK1;/M49/UPK
70thD	force	2	/M15/UPK;/M15/UPK1
32Arm	force	2	/M15/UPK;/M15/UPK1
ソビエト64A	force	2	/M27/UPK;/M42/UPK
ソビエト7A	force	2	/M27/UPK;/M42/UPK
ソビエト28A	force	2	/M27/UPK;/M42/UPK
ルーマニアAF	force	2	/M28/UPK;/M43/UPK
ソビエト6A	force	2	/M36/UPK1;/M47/UPK
ソビエト37A	force	2	/M36/UPK1;/M49/UPK
ソビエトホウヘイ	force	2	/M43/UPK;/M43/UPK1
ソビエトヨビヘイ	force	2	/M43/UPK;/M43/UPK1
イタリア8A	force	2	/M46/UPK;/M46/UPK1
ソビエト5SA	force	2	/M46/UPK;/M46/UPK1
ソビエト2GA	force	2	/M46/UPK;/M46/UPK1
ヨビグン1	force	2	/M46/UPK;/M46/UPK1
ヨビグン2	force	2	/M46/UPK;/M46/UPK1
ソビエト5TA	force	2	/M46/UPK;/M46/UPK1
ソビエト21A	force	2	/M46/UPK;/M46/UPK1
ヨビグン3	force	2	/M46/UPK;/M46/UPK1
ソビエト69A	force	2	/M47/UPK;/M49/UPK
ソビエト2TkA	force	2	/M48/UPK;/M48/UPK1
ソビエト60A	force	2	/M48/UPK;/M48/UPK1
ソビエト7GA	force	2	/M48/UPK;/M48/UPK1
ソビエト6GA	force	2	/M48/UPK;/M48/UPK1
ソビエト4AF	force	2	/M48/UPK;/M48/UPK1
ベルギーDfCp	force	1	/M04/UPK1
ベルギーCp	force	1	/M04/UPK1
ベルギーAF	force	1	/M04/UPK1
フランス2A	force	1	/M04/UPK1
フランス9A	force	1	/M04/UPK1
フランスAF	force	1	/M04/UPK1
フランス1A	force	1	/M04/UPK1
BEF	force	1	/M04/UPK1
イタリア1AF	force	1	/M11/UPK1
イタリア2AF	force	1	/M11/UPK1
イタリア1FT	force	1	/M11/UPK1
イタリア2FT	force	1	/M11/UPK1
チチュウカイFT	force	1	/M11/UPK1
RAF	force	1	/M11/UPK1
イギリスTr	force	1	/M11/UPK1
イタリアAF	force	1	/M15/UPK1
4thArm	force	1	/M15/UPK1
7thArm	force	1	/M15/UPK1
22ndGd	force	1	/M15/UPK1
1stSAD	force	1	/M15/UPK1
RAF1	force	1	/M15/UPK1
4thIND	force	1	/M15/UPK1
2ndNZD	force	1	/M15/UPK1
RAF2	force	1	/M15/UPK1
イギリス26AB	force	1	/M21/UPK1
イギリス1GD	force	1	/M21/UPK1
イギリス6AD	force	1	/M21/UPK1
イギリスAF	force	1	/M21/UPK1
アメリカ1AD	force	1	/M21/UPK1
アメリカ2ACp	force	1	/M21/UPK1
アメリカ9D	force	1	/M21/UPK1
アメリカ34D	force	1	/M21/UPK1
アメリカAF	force	1	/M21/UPK1
アメリカ12Cp	force	1	/M25/UPK1
アメリカ18Cp	force	1	/M25/UPK1
アメリカ3Cp	force	1	/M25/UPK1
アメリカ7Cp	force	1	/M25/UPK1
アメリカ5Cp	force	1	/M25/UPK1
アメリカ8Cp	force	1	/M25/UPK1
アメリカAF1	force	1	/M25/UPK1
アメリカAF2	force	1	/M25/UPK1
アメリカ19Cp	force	1	/M25/UPK1
アメリカ13Cp	force	1	/M25/UPK1
イギリス12Cp	force	1	/M25/UPK1
イギリス8Cp	force	1	/M25/UPK1
イギリスAF1	force	1	/M25/UPK1
イギリスAF2	force	1	/M25/UPK1
イギリス30Cp	force	1	/M25/UPK1
カナダ1A	force	1	/M25/UPK1
ソビエトAF1	force	1	/M27/UPK
ソビエト1TkA	force	1	/M27/UPK
ソビエトAF2	force	1	/M27/UPK
ソビエトCGp	force	1	/M28/UPK
ヨビヘイダン	force	1	/M28/UPK
ソビエト26A	force	1	/M36/UPK1
ソビエト3Tk	force	1	/M47/UPK
ソビエト3GTk	force	1	/M49/UPK
ソビエト2Tk	force	1	/M49/UPK
ソビエト16AF	force	1	/M49/UPK
ソビエト4GD	force	1	/M49/UPK
ソビエト5GD	force	1	/M49/UPK
ソビエト6GD	force	1	/M49/UPK
ソビエト5GTk	force	1	/M49/UPK
ソビエト7GD	force	1	/M49/UPK
RハンターG	force	1	/M53/UPK
RハンターAF	force	1	/M53/UPK
ナンキョクHQ	force	1	/M53/UPK
ナンキョクMA	force	1	/M53/UPK
ナンキョクA	force	1	/M53/UPK
ナンキョクAF	force	1	/M53/UPK
