path	font	records	chars	maxidx
/GMDT	ASC16CG	192	3395	819
/KEKKA	ASC16CG	163	2483	813
/GE2/GE26111	ASC16CG	103	2344	223
/GE2/GE24111	ASC16CG	100	2301	223
/GE2/GE24151	ASC16CG	101	2301	223
/AM/AM24120	ASC16CG	103	1963	200
/CO/CO24130	ASC16CG	98	1863	200
/GE2/GE24011	ASC16CG	91	1815	234
/GE2/GE24051	ASC16CG	92	1815	234
/AM/AM26120	ASC16CG	81	1812	236
/GE2/GE26011	ASC16CG	93	1749	234
/CO/CO24030	ASC16CG	83	1496	238
/AM/AM26020	ASC16CG	68	1490	234
/AM/AM24020	ASC16CG	95	1487	238
/BR/BR24151	ASC16CG	111	1294	236
/GE2/GE25130	ASC16CG	83	1294	236
/BR/BR24121	ASC16CG	96	1197	227
/BR/BR24131	ASC16CG	96	1197	227
/PO/PO24110	ASC16CG	85	1173	200
/GE2/GE25120	ASC16CG	79	1161	200
/PO/PO24010	ASC16CG	77	1118	238
/AM/AM24110	ASC16CG	72	1086	227
/GE2/GE26121	ASC16CG	59	1037	200
/FI/FI24110	ASC16CG	58	1025	222
/SCHOOL	ASC16CG	36	1011	822
/IT/IT24111	ASC16CG	55	1005	200
/GE2/GE24170	ASC16CG	76	956	207
/GE2/GE25030	ASC16CG	70	956	234
/BR/BR24051	ASC16CG	84	943	235
/GE2/GE25020	ASC16CG	74	925	238
/BR/BR24021	ASC16CG	76	911	235
/BR/BR24031	ASC16CG	76	911	235
/SO/SO24130	ASC16CG	55	894	200
/AM/AM25120	ASC16CG	59	881	236
/AM/AM25110	ASC16CG	53	825	200
/BR/BR24150	ASC16CG	56	808	236
/SO/SO24140	ASC16CG	66	798	200
/SO/SO24150	ASC16CG	66	798	200
/GE2/GE26120	ASC16CG	53	779	200
/GE2/GE26122	ASC16CG	53	779	200
/CO/CO24110	ASC16CG	56	749	226
/FR/FR24110	ASC16CG	56	749	226
/BR/BR24160	ASC16CG	44	732	200
/GE2/GE26112	ASC16CG	46	730	229
/GE2/GE24152	ASC16CG	57	727	229
/PO/PO24130	ASC16CG	51	727	200
/GE2/GE24180	ASC16CG	37	726	200
/AM/AM26110	ASC16CG	32	724	200
/GE2/GE24070	ASC16CG	61	722	238
/SO/SO24160	ASC16CG	39	707	200
/BR/BR24130	ASC16CG	47	695	200
/GE2/GE25121	ASC16CG	43	689	200
/IT/IT24011	ASC16CG	34	661	234
/BR/BR26120	ASC16CG	36	658	236
/IT/IT24112	ASC16CG	54	657	229
/GE2/GE24112	ASC16CG	38	656	700
/GE2/GE24160	ASC16CG	38	653	200
/GE2/GE26021	ASC16CG	37	648	234
/BR/BR24140	ASC16CG	43	640	200
/AM/AM24010	ASC16CG	55	638	238
/GE2/GE25131	ASC16CG	39	632	200
/AM/AM26010	ASC16CG	32	619	238
/GE2/GE24110	ASC16CG	36	614	200
/GE2/GE24150	ASC16CG	36	614	200
/GE2/GE26110	ASC16CG	38	611	207
/GE2/GE25021	ASC16CG	33	600	239
/IT/IT24110	ASC16CG	41	581	200
/GE2/GE25031	ASC16CG	33	579	244
/SO/SO24030	ASC16CG	44	564	238
/AM/AM25010	ASC16CG	45	557	238
/AM/AM25020	ASC16CG	45	556	243
/BR/BR24050	ASC16CG	38	549	238
/BR/BR24110	ASC16CG	27	545	200
/BR/BR24030	ASC16CG	38	542	238
/BR/BR26110	ASC16CG	26	541	200
/GE2/GE24171	ASC16CG	42	540	207
/SO/SO24040	ASC16CG	54	532	238
/SO/SO24050	ASC16CG	54	532	238
/GE2/GE26020	ASC16CG	36	520	238
/GE2/GE26022	ASC16CG	36	520	238
/GE2/GE25110	ASC16CG	31	515	200
/GE2/GE24161	ASC16CG	40	513	200
/CO/CO24010	ASC16CG	38	509	238
/FR/FR24010	ASC16CG	38	509	238
/BR/BR26010	ASC16CG	32	507	238
/BR/BR24040	ASC16CG	36	501	238
/PO/PO24030	ASC16CG	38	496	238
/GE2/GE24052	ASC16CG	35	493	238
/FR/FR24120	ASC16CG	24	485	200
/CO/CO24120	ASC16CG	23	484	200
/IT/IT24114	ASC16CG	24	472	200
/FI/FI24010	ASC16CG	46	468	238
/FR/FR24020	ASC16CG	33	461	238
/SO/SO24060	ASC16CG	34	459	238
/IT/IT24014	ASC16CG	33	458	238
/CO/CO24020	ASC16CG	32	454	238
/GE2/GE24080	ASC16CG	24	449	238
/GE2/GE24012	ASC16CG	24	432	238
/GE2/GE26012	ASC16CG	27	427	238
/IT/IT24012	ASC16CG	37	424	238
/GE2/GE24060	ASC16CG	20	418	238
/IT/IT24010	ASC16CG	38	418	238
/BR/BR26020	ASC16CG	21	416	238
/BR/BR24060	ASC16CG	21	408	238
/BKCK	ASC16CG	6	402	117
/BR/BR24010	ASC16CG	19	396	238
/GE2/GE24010	ASC16CG	27	371	238
/GE2/GE24050	ASC16CG	27	371	238
/GE2/GE26010	ASC16CG	26	364	238
/GE2/GE25010	ASC16CG	28	343	238
/GE2/GE24071	ASC16CG	26	310	239
/GE2/GE24061	ASC16CG	26	308	239
/GE2/GE21040	ASC16CG	3	153	205
/AM/AM23020	ASC16CG	3	140	212
/CO/CO99130	ASC16CG	16	135	548
/GMSELDT	ASCGSCG+ASC16CG	325	6533	588
/INTERM	ASCIMCG	622	8982	696
/MUSEUM	ASCMSCG	45	963	719
/SAKUSEN	SAKUCG	482	4964	818
