path	records	chars	md5
/INTERM	622	8982	fac06684d9c3343970ac93ec3b01cb73
/GMSELDT	325	6533	acda0390df4994af6d8a49a39af202e0
/SAKUSEN	482	4964	63979bc3c8eea56a954bee064806c3bb
/GMDT	192	3395	16036cbdbd639bd778ed164fb3de2714
/KEKKA	163	2483	22c6ce9de22de3f9f5187dc361554c26
/GE2/GE26111	103	2344	75cabce0a823e859aa4fee8f6372b357
/GE2/GE24111	100	2301	f0ba8870630705784fe1cfc387163b64
/GE2/GE24151	101	2301	75e0f75b2cbae7587702fd3639e39d74
/AM/AM24120	103	1963	658d68f94feecb7a9b22735314049780
/CO/CO24130	98	1863	dff3d0595f9b28119af302848ba8b009
/GE2/GE24011	91	1815	2996b9e2541222f49f7362d9acd7cbf5
/GE2/GE24051	92	1815	7b772d36f7ee33493376bef7784b3755
/AM/AM26120	81	1812	927927802617f2e281177552954b68aa
/GE2/GE26011	93	1749	da866398165d66c013030e0ba16ef7cb
/CO/CO24030	83	1496	bfeaedd9e0b2f6285e9ff418a3a75efa
/AM/AM26020	68	1490	5da732a98e4cb13a749592b31a7d8436
/AM/AM24020	95	1487	6b6e18fab2cd6b286ac18e2c4dd1b94f
/BR/BR24151	111	1294	754ba79150f350ce631affecfc0f73b9
/GE2/GE25130	83	1294	d7c09a6168ca0623bea97254ebe89d04
/BR/BR24121	96	1197	e5e462a7e71f4d141a8c148adb249b83
/BR/BR24131	96	1197	3f4ec870dfc6dd1ddb826966812654cc
/PO/PO24110	85	1173	99baac70604173c52a2cfd617f64995e
/GE2/GE25120	79	1161	296f4ff58a8e3b00d2f79146bc92c67d
/PO/PO24010	77	1118	9ea6d99cd77ee26b92e4e33f30686b02
/AM/AM24110	72	1086	63e5da4add6ccdec21b9bdb96e973fa6
/GE2/GE26121	59	1037	76159dbec1e986fd6ef437a5794a5713
/FI/FI24110	58	1025	628a540258f7be12c20c2209190ea054
/SCHOOL	36	1011	f127b5059209a2f68c85b834db194dfb
/IT/IT24111	55	1005	af9260795d596fdb7f1e130f6518d268
/MUSEUM	45	963	d6029fb5331ad807de7071d5bb00c3c3
/GE2/GE24170	76	956	fe82cbac1f22ebae145df115c73a984d
/GE2/GE25030	70	956	aa8d95998c54f7c5dc9d4bc6aee067a1
/BR/BR24051	84	943	bfa68cbc0c60c6fbd26d1aba92624efd
/GE2/GE25020	74	925	573476e75bc787399dac05d073c3eaa7
/BR/BR24021	76	911	4c80bc7f1f9082c6596a54778375bdad
/BR/BR24031	76	911	ff96dd3437914bcfcae780135005b919
/SO/SO24130	55	894	aec72c6a9ec675f7517b563ef7fb10ec
/AM/AM25120	59	881	88f9f3f0e5e9de223b474b1f71014d34
/AM/AM25110	53	825	f0a57f113559845a01d534eefd138847
/BR/BR24150	56	808	d3c3c7137a53663e215ef12837ab070f
/SO/SO24140	66	798	fca9d34c4a2652d931afe21ef754aabe
/SO/SO24150	66	798	502e0243c07718ea6259d6447a5ec9a7
/GE2/GE26120	53	779	82032670668df66c91c1a6a1fb382644
/GE2/GE26122	53	779	283583929c203d5f539fc9459ebe2c33
/CO/CO24110	56	749	322556b20267d7de9d8d93cb9cb80e31
/FR/FR24110	56	749	f67cb3977d6cba9a908dd15922c3fb65
/BR/BR24160	44	732	d9f70ca948de721ceae963b2b4ca5a99
/GE2/GE26112	46	730	91d78e0da5495bd8987d91ffc5b33b80
/GE2/GE24152	57	727	80ea7aecaa6a67db01b311040bbf196d
/PO/PO24130	51	727	075b325c01ce61ddb8f29265c400199a
/GE2/GE24180	37	726	de161c0395529aaf0125dfcb71a91b5e
/AM/AM26110	32	724	38cb124020004962855b42333463dcd5
/GE2/GE24070	61	722	fc19d965874f2d1b718f9121ef010314
/SO/SO24160	39	707	e3d4986bc823c03b3f30a9a24a11b9b3
/BR/BR24130	47	695	8c889d5a90b8fb29f93d1c456a56bcec
/GE2/GE25121	43	689	d6beb5ec6e320efc683b7b85ab2d92e5
/IT/IT24011	34	661	7d1c08210841817a0a8d296d61065c9d
/BR/BR26120	36	658	74b7d205a3b1b25957b4f67ef3ae4a30
/IT/IT24112	54	657	883e42c4e129237d44ce4e3ed017a033
/GE2/GE24112	38	656	1a6ba11e305aceeb88e7388c5cf9adbb
/GE2/GE24160	38	653	5d25a550be743fbebec168016200901e
/GE2/GE26021	37	648	d3910103c93a77d98ce42ec8f9df4bfe
/BR/BR24140	43	640	2c1edc0669c7b44adb03fb9f05c88ec9
/AM/AM24010	55	638	56dd8e5821d1f0a74e7afdf724eb1176
/GE2/GE25131	39	632	4bfdde6912c6b740abdcc87d154e20ab
/AM/AM26010	32	619	0be3499c87296870c4ee9eb5ebdb9aa6
/GE2/GE24110	36	614	513b28dc0e1bb4137eb9c25efc1877d9
/GE2/GE24150	36	614	1ee17786e67f510a862c8c92c1878bfe
/GE2/GE26110	38	611	13bee9f1180c234eb73d750c70dbce7c
/GE2/GE25021	33	600	f2ea9999e8bdc1661c900377246871a3
/IT/IT24110	41	581	323e330e69dc0573c93de603d572d0a7
/GE2/GE25031	33	579	74aef5a1044e117449932c98cbf68fbc
/SO/SO24030	44	564	d86954dcb01f112d3d0ba1ad7054df44
/AM/AM25010	45	557	d43a36977dac3478265ecf202bd23587
/AM/AM25020	45	556	945640078bb73be950ddc8c856749c1b
/BR/BR24050	38	549	0a95b5a5124c1dff3f4fd8d5b4215f3b
/BR/BR24110	27	545	0faf38f83132de22aad23527f861cf20
/BR/BR24030	38	542	053e270d6112ef791e522c7c366560c8
/BR/BR26110	26	541	a79cf8d8c13f06832aaea80a6ca75581
/GE2/GE24171	42	540	5d146da7554fe393c1429f7012ccdc74
/SO/SO24040	54	532	71279c5c624390ba138e28dd1c1c4e86
/SO/SO24050	54	532	d0fe76c948e69c2f02ba770975c08996
/GE2/GE26020	36	520	9c33337f979bb8303d0e70a6db3b276a
/GE2/GE26022	36	520	b78f49fc185e396840409a5523ebae3b
/GE2/GE25110	31	515	78d6c5a6712c3c8bac5725ddd92febd7
/GE2/GE24161	40	513	1c94fb76c7218407dbba333dd629559f
/CO/CO24010	38	509	b0fc79cdb5d41e9b19fc80f5d2137220
/FR/FR24010	38	509	792bb4231aa8456201a3441ab0907744
/BR/BR26010	32	507	0bb162e9df8ce89cbf978a00d1c690eb
/BR/BR24040	36	501	e4dea2c6053e37a8ae17b52d2111ed07
/PO/PO24030	38	496	3aaa2073923636c250d3188f0f4b9a61
/GE2/GE24052	35	493	97acb3dacdec5d263f858bdde9f211d5
/FR/FR24120	24	485	af4544dff8bf58bd59bd07ffb5a0a79b
/CO/CO24120	23	484	33c9d5f1ff06cb8ee6302eeaa8a4bfc4
/IT/IT24114	24	472	f0d7e1d925bf84fa9508a1020b001656
/FI/FI24010	46	468	5edfd20f625d85fa8e35e164516d7d06
/FR/FR24020	33	461	caf284b9563bae4cad9889cd9412fa4e
/SO/SO24060	34	459	9ea1e41eed550e5cf7da2ee3e558eb6b
/IT/IT24014	33	458	dae6502b1baee26fd932444f9ad0e602
/CO/CO24020	32	454	bf20d0415af020ce3542c39d4fa478ad
/GE2/GE24080	24	449	522c7dee8b109a2e4baacd070aeff791
/GE2/GE24012	24	432	57a95caa15509978d7a92c616fb6b711
/GE2/GE26012	27	427	5c5ec53474f8736f13b86a424ea410a8
/IT/IT24012	37	424	d17f91bf03692aa186c49eee8dbec981
/GE2/GE24060	20	418	9da7f34f6ec5de38f0d963d25e64c83e
/IT/IT24010	38	418	8cb873ce4460b4e86cc3a1f728760a19
/BR/BR26020	21	416	610f21015e51125c4cf3807c4a3f8bfe
/BR/BR24060	21	408	cad0f379001e07d31f0f02a158600ea2
/BKCK	6	402	0618d29e253c3074db1ebfce6b852ca1
/BR/BR24010	19	396	5fd4056e15d23ea5c69251cda1b87411
/GE2/GE24010	27	371	7ebaf43020a00fef5e6afa387c2a630e
/GE2/GE24050	27	371	26d1e91b62c0f28a0d34fe06b3e05f02
/GE2/GE26010	26	364	136dcd5d022129c60845670660799daf
/GE2/GE25010	28	343	28960febd1e08264118e159d0b72181f
/GE2/GE24071	26	310	56b399c28871713cb84d0400e4aca467
/GE2/GE24061	26	308	d63b19113f2617569d7b34b93da92ab1
/SO/SO22020	1	164	950e6dee3ced53eac3a912f659924645
/MAPSCT	1	162	6d0d7625ca662a5b14db603aa73631bf
/SO/SO22010	1	161	ebcc37bb8ee3201f640bab0895eb79ff
/BR/BR22020	1	156	462257065f222851ad4e71485bd505d4
/GE2/GE21040	3	153	c3c75a38559aec05978576b9490a9653
/AM/AM22020	1	149	41a800330207000f0a4f1abe7c56bb72
/AM/AM22010	1	141	15c98c0c7a1523df681b2ae91c1a7f55
/GE2/GE22020	1	141	f2be4c7613f9d2f9852f880ab3767358
/IT/IT22010	1	141	8cd5618452905c4dba4c457d4d5d9d92
/RU/RU22010	1	141	eb5d43ca97cca8a9cec9a0b68937cf40
/AM/AM23020	3	140	cc3d1e76cd42d0d1e8516f8b6db7f966
/CO/CO99130	16	135	eb81b694ba236829bb1338102a180ba7
/GAME	8	98	52258f619db894e1c9fa82f07f5eb0e5
/M46/UCG	2	85	409bde8b50dfa6f2bf2524f9c8795882
/CO/CO99030	7	84	f4e41f2261bc67723864d7fcfd726958
/CO/CO35010	7	78	477e781a11e12f0c3559194a99b7cb27
/GE/GE35010	7	78	477e781a11e12f0c3559194a99b7cb27
/M00/UCG	1	77	a055c5ffe802dd15e66f9e9570a67cfe
/IT/IT31010	1	76	8da3d312e80ec18e5b15730da5f7d1b6
/CO/CO44010	1	74	c1d34a0933641880bbbb407a2260e0a4
/M48/UCG	2	72	573f92770daf2be1e0b374aaf9312760
/M51/UCG	2	70	c8c677efaf510b620f6585e6d39b635f
/M26/UCG	1	68	83c4387fbc12c211a31c79858826b96a
/M49/UCG	2	68	fa7362c641a708c9c8cab3e12582bfa3
/X18/X1820010	4	68	5b2b511ca57ae8f1eb6605a9787b27d0
/M44/UCG	2	65	2f64ff54578d5d555734f66302a0607f
/M43/UCG	2	64	092f3e247827d7c7b2b72e5f647fc21f
/M50/UCG	1	61	12096ab51ad00f5b8937941484ff2ca0
/M00/UCGGE	1	60	ee7f1cc9c52b3bb1e40769fba6a6f562
/M01/UCGGE	1	60	ee7f1cc9c52b3bb1e40769fba6a6f562
/M02/UCGGE	1	60	ee7f1cc9c52b3bb1e40769fba6a6f562
/M03/UCGGE	1	60	ee7f1cc9c52b3bb1e40769fba6a6f562
/M04/UCGGE	1	60	ee7f1cc9c52b3bb1e40769fba6a6f562
/M05/UCGGE	1	60	ee7f1cc9c52b3bb1e40769fba6a6f562
/M06/UCGGE	1	60	ee7f1cc9c52b3bb1e40769fba6a6f562
/M07/UCGGE	1	60	ee7f1cc9c52b3bb1e40769fba6a6f562
/M08/UCGGE	1	60	ee7f1cc9c52b3bb1e40769fba6a6f562
/M09/UCGGE	1	60	ee7f1cc9c52b3bb1e40769fba6a6f562
/M10/UCGGE	1	60	ee7f1cc9c52b3bb1e40769fba6a6f562
/M11/UCGGE	1	60	ee7f1cc9c52b3bb1e40769fba6a6f562
/M12/UCGGE	1	60	ee7f1cc9c52b3bb1e40769fba6a6f562
/M13/UCGGE	1	60	ee7f1cc9c52b3bb1e40769fba6a6f562
/M14/UCGGE	1	60	ee7f1cc9c52b3bb1e40769fba6a6f562
/M15/UCGGE	1	60	ee7f1cc9c52b3bb1e40769fba6a6f562
/M16/UCGGE	1	60	ee7f1cc9c52b3bb1e40769fba6a6f562
/M17/UCGGE	1	60	ee7f1cc9c52b3bb1e40769fba6a6f562
/M18/UCGGE	1	60	ee7f1cc9c52b3bb1e40769fba6a6f562
/M19/UCGGE	1	60	ee7f1cc9c52b3bb1e40769fba6a6f562
/M20/UCGGE	1	60	ee7f1cc9c52b3bb1e40769fba6a6f562
/M21/UCGGE	1	60	ee7f1cc9c52b3bb1e40769fba6a6f562
/M22/UCGGE	1	60	ee7f1cc9c52b3bb1e40769fba6a6f562
/M23/UCGGE	1	60	ee7f1cc9c52b3bb1e40769fba6a6f562
/M24/UCGGE	1	60	ee7f1cc9c52b3bb1e40769fba6a6f562
/M25/UCGGE	1	60	ee7f1cc9c52b3bb1e40769fba6a6f562
/M26/UCGGE	1	60	ee7f1cc9c52b3bb1e40769fba6a6f562
/M27/UCGGE	1	60	ee7f1cc9c52b3bb1e40769fba6a6f562
/M28/UCG	2	60	731499828b781e51eea90413defd7349
/M28/UCGGE	1	60	ee7f1cc9c52b3bb1e40769fba6a6f562
/M29/UCGGE	1	60	ee7f1cc9c52b3bb1e40769fba6a6f562
/M30/UCGGE	1	60	ee7f1cc9c52b3bb1e40769fba6a6f562
/M31/UCGGE	1	60	ee7f1cc9c52b3bb1e40769fba6a6f562
/M32/UCGGE	1	60	ee7f1cc9c52b3bb1e40769fba6a6f562
/M33/UCGGE	1	60	ee7f1cc9c52b3bb1e40769fba6a6f562
/M34/UCGGE	1	60	ee7f1cc9c52b3bb1e40769fba6a6f562
/M35/UCGGE	1	60	ee7f1cc9c52b3bb1e40769fba6a6f562
/M36/UCGGE	1	60	ee7f1cc9c52b3bb1e40769fba6a6f562
/M37/UCGGE	1	60	ee7f1cc9c52b3bb1e40769fba6a6f562
/M38/UCGGE	1	60	ee7f1cc9c52b3bb1e40769fba6a6f562
/M39/UCGGE	1	60	ee7f1cc9c52b3bb1e40769fba6a6f562
/M40/UCGGE	1	60	ee7f1cc9c52b3bb1e40769fba6a6f562
/M41/UCGGE	1	60	ee7f1cc9c52b3bb1e40769fba6a6f562
/M42/UCGGE	1	60	ee7f1cc9c52b3bb1e40769fba6a6f562
/M43/UCGGE	1	60	ee7f1cc9c52b3bb1e40769fba6a6f562
/M44/UCGGE	1	60	ee7f1cc9c52b3bb1e40769fba6a6f562
/M45/UCGGE	1	60	ee7f1cc9c52b3bb1e40769fba6a6f562
/M46/UCGGE	1	60	ee7f1cc9c52b3bb1e40769fba6a6f562
/M47/UCGGE	1	60	ee7f1cc9c52b3bb1e40769fba6a6f562
/M48/UCGGE	1	60	ee7f1cc9c52b3bb1e40769fba6a6f562
/M49/UCGGE	1	60	ee7f1cc9c52b3bb1e40769fba6a6f562
/M50/UCGGE	1	60	ee7f1cc9c52b3bb1e40769fba6a6f562
/M51/UCGGE	1	60	ee7f1cc9c52b3bb1e40769fba6a6f562
/M52/UCGGE	1	60	ee7f1cc9c52b3bb1e40769fba6a6f562
/M53/UCGGE	1	60	ee7f1cc9c52b3bb1e40769fba6a6f562
/M54/UCGGE	1	60	ee7f1cc9c52b3bb1e40769fba6a6f562
/M55/UCGGE	1	60	ee7f1cc9c52b3bb1e40769fba6a6f562
/M56/UCGGE	1	60	ee7f1cc9c52b3bb1e40769fba6a6f562
/M57/UCGGE	1	60	ee7f1cc9c52b3bb1e40769fba6a6f562
/M58/UCGGE	1	60	ee7f1cc9c52b3bb1e40769fba6a6f562
/M59/UCGGE	1	60	ee7f1cc9c52b3bb1e40769fba6a6f562
/M60/UCGGE	1	60	ee7f1cc9c52b3bb1e40769fba6a6f562
/M61/UCGGE	1	60	ee7f1cc9c52b3bb1e40769fba6a6f562
/M62/UCGGE	1	60	ee7f1cc9c52b3bb1e40769fba6a6f562
/M63/UCGGE	1	60	ee7f1cc9c52b3bb1e40769fba6a6f562
/M64/UCGGE	1	60	ee7f1cc9c52b3bb1e40769fba6a6f562
/M29/UCG	2	59	f4aa9ff9d4fd5f70d128022d37edf78a
/IT/IT31020	2	58	2021e23ea6ee3852cb2eaf2ffa019842
/M14/UCG	2	57	ea17f21511587aa963226d926f2dfceb
/X13/X1381040	3	57	1ad919a0b56f7999934c357ff28fda13
/X13/X1381060	3	57	66f286801a0bb190c87045e91d2e0f67
/M16/UCG	1	56	c48a1de0df2fe26634e6b136e549538d
/M59/UCG	2	56	4117c11b68ff59e9a5ea0841d24f994f
/X12/X1231010	3	56	af1f7fa889620dd7b97a82a8bb8a5725
/X12/X1231020	3	56	af1f7fa889620dd7b97a82a8bb8a5725
/X13/X1321000	3	56	c2103cdf002650b9833a5ef08c19eaab
/X13/X1321020	3	56	e193903b9c8092499888834a2134f38e
/X13/X1321040	3	56	1d5cbf18b8a9874e8f945820a513215d
/X13/X1321050	3	56	dc1b19589a41db38ca0fb02fddcaa793
/X13/X1331000	3	56	af1f7fa889620dd7b97a82a8bb8a5725
/X13/X1331020	3	56	2ec436fa1386485df38d5ea245bb117b
/X13/X1331040	3	56	d7ecd94407c69e8c35da1fb480e9d9e4
/X13/X1331050	3	56	f7a45180d70796e9e82c64627f7d915c
/X13/X1340010	3	56	a9ac6d636c3ee5f77f56a76ed68bc413
/X13/X1391040	3	56	8c0372963f656a781240a2c15853e20e
/X13/X1391060	3	56	8c0372963f656a781240a2c15853e20e
/X15/X1520000	3	56	9c45c001e827aa884d807ea1ea7b7c18
/X15/X1520020	3	56	ec7271c175b08ca9933a11e4874eb353
/X56/X5601040	3	56	4947aac44d65790a8c35274346e53e9d
/X56/X5611040	3	56	8c0372963f656a781240a2c15853e20e
/X56/X5611061	3	56	8c0372963f656a781240a2c15853e20e
/GE2/GE22030	2	55	894f439e9301e4cc3c6fb20e50e61977
/M13/UCG	1	55	9d3979071ea5fe3e3f1437ebb15f7962
/M15/UCG	1	55	847a9f3d9a3d2928592b49a4ba5abdde
/X37/X3760000	3	55	b639754934e1e1fea2bfb421895f0814
/X37/X3760020	3	55	774b251251876686128e2970bf03ac50
/X37/X3760040	3	55	443963f7806263ff2995f0dd3d4ec845
/X37/X3760050	3	55	d4839b2c3a398474f284f2a09c7c5fa2
/X39/X3951020	5	55	e1c52253cff1ec7939db30a100c32809
/X39/X3951030	5	55	7b1d93f3c930ef5dc7fbf9709d691d03
/X61/X6111020	5	55	e1c52253cff1ec7939db30a100c32809
/X61/X6121031	5	55	7b1d93f3c930ef5dc7fbf9709d691d03
/X61/X6121032	5	55	7b1d93f3c930ef5dc7fbf9709d691d03
/M40/UCG	2	54	208a1d6d3cc49c1c55ae4065cbac69c3
/X13/X1381050	3	54	68af36caea96a35675102b1faa5f73d9
/X13/X1381070	3	54	eb7b8703e75c1b990950a47484a7557a
/AM/AM34010	4	53	8573658fb416d1189a52032bcaefe02b
/X13/X1321010	3	53	410ee6ecafdc054cd4de4bc62c5c30e1
/X13/X1321030	3	53	db8955b5c1f514ea3ddeb2f54dada431
/X13/X1321060	3	53	c3da255ab81effe78cdd3eb86e1d3d07
/X13/X1331010	3	53	be395558f91aa9353117ccdff7014c20
/X13/X1331030	3	53	3c0b13120b12e26804c873f5b162394b
/X13/X1331060	3	53	6c1df11d687f831eeb8e975c55319c6e
/X13/X1391050	3	53	86ef4e84e99767b8237dbf38f514ff0c
/X13/X1391070	3	53	b0e6f828ba2dde9fff34046f6ebd3d31
/X15/X1520010	3	53	d1f27e992f081ec9620ac560037c37f4
/X56/X5611050	3	53	86ef4e84e99767b8237dbf38f514ff0c
/GE/GE31010	2	52	57f6edba34d1a84639c41f7c6f9f3344
/GE/GE31030	2	52	57f6edba34d1a84639c41f7c6f9f3344
/GE/GE32010	2	52	5412ea1701ab2176a3984d546aa7cbf3
/M04/UCG	1	52	ef239474faabc73061c94f9fe71c5c57
/M05/UCG	1	52	1523499b9b1df9a25b3bcb5f58ccf54f
/M06/UCG	1	52	35e271e6290843052457647538f9000f
/X37/X3760030	3	52	1c94873c5e53fed5b5453aff34601ce8
/X37/X3760060	3	52	84a2fbc1a9b13e07e890f9658386985e
/X37/X3761010	3	52	e87369f6dfd76b03dd8c1707ce758dd8
/X56/X5601050	3	52	0bad17eb292493448e9f5ad4c423bf8c
/M12/UCG	1	51	0e651c0d17c17493b877626170882f85
/M56/UCG	2	51	22719c7004e523a7db36d4b63df812ac
/M58/UCG	2	51	1e2964541c883f764e4a02ef27cc4da2
/M36/UCG	2	50	bfb0477bfec76a3d47f6769ca240a628
/M45/UCG	1	50	3e2b18007d10de36f9cc1c55c6a2e25a
/M47/UCG	1	50	598f90c77c37fdf9ec70da9b29d13225
/M34/UCG	2	49	9f0eec57bb1bf616e19a824a71d2d031
/M33/UCG	2	48	f33767e849e820e5bc731bdadd42063b
/M37/UCG	2	48	68f3bafc394f6d8edcc7a44b87c69d96
/M42/UCG	1	48	10e1932abad2e5248360f4f2950cd2a0
/M55/UCG	2	48	af9baa1e56f961fd0530691c06256b07
/M30/UCG	1	44	97fe78d6d40fe2680392ea26351dac9d
/M31/UCG	1	44	af20981a360385260493d6e2de12be31
/X39/X3950000	4	44	bb2cf1e8577b38ec650ecb6ccb88c4fc
/X39/X3950010	4	44	a2c3a0eb852a9ce54f950d5fc0edc11a
/X39/X3950020	4	44	74c6711d06cfaf1e7f39fc99a7eae785
/X61/X6110000	4	44	bb2cf1e8577b38ec650ecb6ccb88c4fc
/X61/X6110020	4	44	74c6711d06cfaf1e7f39fc99a7eae785
/X61/X6120011	4	44	a2c3a0eb852a9ce54f950d5fc0edc11a
/X61/X6120012	4	44	a2c3a0eb852a9ce54f950d5fc0edc11a
/M39/UCG	2	43	83ccc842f75ebd4f0f3fe73896cac5c5
/M27/UCG	1	42	1a59cd7f21220e9cceb9feec0460417d
/M52/UCG	1	42	4ea0d8bac922562b54d3ad6252cddc00
/M38/UCG	1	41	049e4ce2e71fdabe584181a71c28adb0
/M41/UCG	1	41	ca3e278026fdcbace207118cc4aabbba
/M60/UCG	1	41	f8a5d47a8519c24744d884efd7b22ec8
/BR/BR35010	5	40	d3c174acb3e080eabdc7b20796740eee
/M17/UCG	1	40	10fafeba672536fb5de5cd66dbecaeee
/M19/UCG	1	39	9d5311561f45440503ce4da4b025bfa4
/X13/X1340000	2	38	ddc5aecc6f118c49bfdd9a5f568cb069
/X13/X1340040	2	38	70f623d8bc5aab2c086cb5d38bece418
/X13/X1340050	2	38	27bde2a2f6f8022f7d70a93284989afd
/X13/X1340020	2	37	9249c6ce11213957b6ba796b0051ed6e
/CO/CO33010	4	36	4b982698dc3f825be800cc3e28b630eb
/M03/UCG	1	36	f0c5be69f8a54baa25eb2174f031e9c5
/M54/UCG	1	36	db29d7644bf46594e1973ecbdd0706d1
/M57/UCG	1	36	9b251e65752e12be8096683c4fd969b8
/X13/X1341030	2	36	38ebba12a542a985d103264710c05f34
/X13/X1341060	2	36	f157f19a2e24045809afe812b62044ab
/M32/UCG	1	35	3d54e1eef8d7eddb3596bb72c49522e0
/M35/UCG	1	35	91abd320df6edbe237aa9e00cc4b6af5
/FR/FR31020	2	34	ac4593c855ab888edd60ccf3fca8746e
/M10/UCG	1	34	8b41ae1657c48248141f2f48a8434d7f
/CO/CO34010	3	32	0214eb079ae7157c31a85cb8dad39179
/AM/AM48010	1	31	2e4d15bc30acf92052218e4f840b52ab
/BR/BR48010	1	31	5ca43d63548059bcce6d0ea8868c2a18
/CO/CO48010	1	31	67af06eb779df604b6cb35a2ef94d124
/GE/GE48010	1	31	91d6757c11c119d5949ab63157f578b7
/M07/UCG	1	31	b3047e9afd9633dcba8b2146376e633f
/M09/UCG	1	31	07097b6a3b803802b75e091bbadbf63b
/SO/SO48010	1	31	62e5e476ae8efd11b223debad0700d49
/GE/GE33010	2	30	9123dde1e3e9f85e068bdffc3f0f0e58
/GE/GE34010	2	28	05d7d2d54348f3da15ff129f0698e038
/AM/AM37080	1	27	e5ad0b9811de523bdd6bd78c62e8254a
/CO/CO49030	1	26	70750f63eed7f6edde15ba06c14af36d
/GE/GE02050	2	26	c4afb56cf0eefc7f2637ec330a7dc662
/GE/GE02052	2	26	a41bcd7d169a805cd8772111ba56c4fe
/GE/GE04070	2	26	65bb7773da84707082b44916ebb40a97
/GE/GE04080	2	26	b818d62a14281d1cc8e928727c42ff22
/PO/PO02010	1	26	0785c4ec2047ae1bbacf75e1cb443434
/RU/RU02050	1	26	5797505f83ddaa1baa0a1a8b29631928
/TO/TO02010	2	26	0a8c4357d5d01bb1ab55523f06514842
/M11/UCG	1	25	a599cd1f4792f3bc4c04d5b1c45982f4
/M33/HAICHI	3	24	8a8b7eda4b01271edfa2fa56697e74d3
/SO/SO14060	1	24	603fa208aa033054b89f589a36411957
/SO/SO14061	1	24	4ba720abcc84346b74308469f0144fd9
/AM/AM23010	1	23	c822446436a9265d36ed6a48ca56b59e
/BR/BR06010	2	23	19f57d7337679c6b31a8e3a3d7755bc1
/X40/X4001001	2	22	6b9468e2e0d221a95be2bcae6cf2487e
/X40/X4001011	2	22	4a856c92cd4ec219efdcf8fdb2d78f63
/X40/X4001021	2	22	0bbcad5c7d7648532cd2061e7957b67d
/X40/X4001031	2	22	5c862061d01e1309d8d40c327c641f5b
/X40/X4031000	2	22	de52ec9dcee504dc58ce6f5465a382c3
/X40/X4031010	2	22	4ec0c2c13652ed848c3dc10504241a0a
/X40/X4031020	2	22	7b826f00e7f096705b6914cfce20a9be
/X40/X4031030	2	22	59635fd59f41831d770270a95131a90b
/X40/X4041000	2	22	849a4e0bc94048d9c8c5d6fb36401ea4
/X40/X4041010	2	22	1cad1924e1eb33602593fdc4302425cd
/X40/X4041020	2	22	2cd2ebbcab3d665ad379c73e808ce22e
/X40/X4041030	2	22	93c1c070b6273eea00bf6a5cf4decb93
/X40/X4051000	2	22	2a13c22eea24eb08cebaeb2cdd63123c
/X40/X4051010	2	22	c3bd9a6a61480e266e23345c8b36e9f6
/X40/X4071000	2	22	1edb7a65056333b96ca040033e33cc2d
/X40/X4071010	2	22	81d133671e00d172ab1dd750eec6926f
/X40/X4081000	2	22	f482db8642ce238faa73feaf54cf4972
/X40/X4081010	2	22	10028a45a02a567a3704fd243387d767
/X40/X4091000	2	22	66984a0d9a9af3c79eeae26f26b94571
/X40/X4091010	2	22	635191e4f6a6499407426c909366d429
/X41/X4121000	2	22	0c03e5eef0ed74a19de8625cc1e0b63e
/X41/X4121010	2	22	35cab94de5615d7c3a6cf71dd99149ed
/X41/X4131000	2	22	6991e0dc0a7f36a9c194876bc565a714
/X41/X4131010	2	22	4aaa7ffebf8e5e26f95130f7d1703fc3
/X41/X4141000	2	22	a30d26fb85b186417cad1fb57a7b76c8
/X41/X4171000	2	22	d246f035886ae138ba042ce99327cffb
/X41/X4181000	2	22	8f28e132505bcea193c731483b0f0f5e
/X41/X4191000	2	22	5272d6527c2277ab9544c3247ac8aeb0
/X41/X4191010	2	22	14be4b8bfdc1e28c5dbfb5b344201c4d
/X41/X4191020	2	22	4e11b98582af4c2786d1c253519a048b
/X42/X4221000	2	22	fdb98fb9ae6ea90f64c5fba1bdc8f389
/X42/X4221010	2	22	7f3eae2bb1c44ac6cfa3d8d2e5c90fe2
/X42/X4221020	2	22	6a54a3faf44d79001ac5ae00829d922a
/X42/X4231000	2	22	3b9c08bf92e41d4107d46e9a37e9e91b
/X42/X4231010	2	22	042b259f2b3be0e27b6cb12d5a259a43
/X42/X4231020	2	22	9aac8af2bf2112ef5538e3471b3ee9b0
/X42/X4241000	2	22	834d88091b2138f79e9c6eae3fe87a72
/X42/X4241010	2	22	0c2f25913bf31ee613d47662ffacd136
/X42/X4271000	2	22	862defd4152f536d027fa86b0e7cc6ba
/X42/X4271010	2	22	64689374992de0917786526ccf80903b
/X42/X4281000	2	22	f32c467faf9377c58fac7cec8e16fe32
/X42/X4281010	2	22	2fc2afda53835ae4b3ca58f56e56fb0a
/X42/X4291000	2	22	37e6831834d7c39e6f4cde939cf5ec8e
/X43/X4321000	2	22	61bc6360ffbe92142b3b961a23009fd9
/X43/X4331000	2	22	fe050020a58bbefecb6fae0d37429a2b
/X43/X4341000	2	22	3cf4d8191a5599d919abbe6bf73bb04e
/X43/X4341010	2	22	8cfb91d28657e6c65285bedf5e347598
/X43/X4341020	2	22	978dadf0be7ab92c82c0f56a2efd3a99
/X43/X4371000	2	22	fa3c4c5695273448ba5f4dbb8787f415
/X43/X4371010	2	22	f3c04416260a4007c94363ba0017c99f
/X43/X4371020	2	22	b2f83865369ed27c9cc9ef15fa53d168
/X43/X4381000	2	22	a70cab7693b3692a708254e9ba061b88
/X43/X4381010	2	22	d5471009a72b748a8463aaa025002d36
/X43/X4381020	2	22	01022343a1e943e5392b5e7ba02fab1a
/X43/X4391000	2	22	8881cbbb017bb2b59d22156f7436a5dd
/X44/X4421000	2	22	faddc37098df07d2f862337f3290b32f
/X44/X4431000	2	22	38380a516bbcbbc5f5d15b46480afdb8
/X45/X4501000	2	22	d2d2802890c17ebbea2719677b696200
/X45/X4501010	2	22	84b9a34c0406ec0cec1d067b206a03ac
/X45/X4501020	2	22	10a8950d2e87f7df2b7092665629fc8c
/X45/X4511000	2	22	24c055c4aa12d3030d1d1ba988e24839
/X45/X4511010	2	22	238cec897ee50e3fdb0b1156ede08ea5
/X45/X4521000	2	22	1682577cfa7d7420ca460a9d643e5e20
/X45/X4531000	2	22	843df085d1fcddc3d161e9adfcae8fd6
/X45/X4531010	2	22	d1ad35c43f6ea83426ecef725b15b665
/X45/X4531020	2	22	2c70e04dffeab0a605760be7b4ffdbc7
/X45/X4531030	2	22	b3964365884399a9fcb7a825d6c98adb
/X46/X4640000	2	22	2667c368d24fca8912672829a0c2acc0
/X46/X4650000	2	22	4b7b8c42a7fea543d35abbe79258877e
/X46/X4660000	2	22	b5c1aa7dc7ee59d32477a83b9bb03d67
/X46/X4690000	2	22	c762c41414f36bacc75ecc7988477cbb
/X61/X6171000	2	22	862defd4152f536d027fa86b0e7cc6ba
/X61/X6181011	2	22	64689374992de0917786526ccf80903b
/X61/X6181012	2	22	64689374992de0917786526ccf80903b
/BR/BR12030	2	21	7eea77e5c1692867c1b46b541284f985
/GE2/GE21010	1	21	f626d6be9519a5ae475ef4853292113e
/IT/IT21010	1	21	89393969f3cba1f7549fa657fddf8535
/X19/X1911000	1	21	100c9d6cd409037572378807a409407a
/X19/X1911010	1	21	f8e6cce48d46fd3a22e089be31fe8705
/X22/X2241000	1	21	a0a409b426353efb7b96d318b8601315
/X22/X2251000	1	21	0877d6302bc1046096cac5cc92d67762
/X48/X4821000	1	21	100c9d6cd409037572378807a409407a
/X48/X4821010	1	21	f8e6cce48d46fd3a22e089be31fe8705
/X52/X5221000	1	21	100c9d6cd409037572378807a409407a
/X52/X5221010	1	21	f8e6cce48d46fd3a22e089be31fe8705
/AM/AM18010	2	20	1099674121d454b49acf71f7012ef1d4
/BR/BR06020	1	20	93158f9fc7dfccc6b7be9e6272f68798
/GE/GE31020	1	20	2315e59fe2cada8a63432147d94e9e03
/X22/X2281000	1	20	77ebf7266996afa09b379af051d62a37
/X48/C4860030	4	20	355ea532ad58931d34556bd737d6c78c
/X52/C5260030	4	20	355ea532ad58931d34556bd737d6c78c
/AM/AM12030	2	19	c839d664b09ea375b522c29df6acdc3c
/AM/AM31040	2	19	0774cdd5ef21125e1fa332849dbdd703
/BR/BR32010	2	19	16bf5a9287ea9e60632c7ea0c940654c
/GE/GE16130	1	19	8eabb81fb891a5c23759a10d2c3c24f7
/GE/GE16131	1	19	029230b669e75c6140361cbb6bea1978
/GMSEL	3	19	a9f1befd7256b414a90a1c9d9c5e71fc
/SO/SO19010	1	19	683c46b1ebe02bb85f9dbcc177bf8c4e
/SO/SO19011	1	19	6e2e26dad07c8ba37c7e36b3b52e1ea0
/FR/FR04020	2	18	46e658f217270e5c311e1fdd53184d1d
/IT/IT04010	2	18	3d0b3aef81fb0ebc319ee506f1efee70
/M01/UCG	1	18	740f18e16c067150260a0237591123d3
/M02/UCG	1	18	b5ab7b09285c6f0b66a192429163b815
/AM/AM19040	2	17	22e07e029a49787107d57a60c760a8ae
/BR/BR22010	2	17	da4daf540606400a0365e5ece405f2ca
/PO/PO22010	2	17	d7dd7f590f0e73408c1ca7ad7a2d6d20
/X22/X2262000	1	17	3bb325343b0c2cfa88c7e504ef458b7a
/X38/X3850000	1	17	77b484d9a51a79aa37d974fd11b269ee
/X38/X3850010	1	17	79bcf3fa0da182403a887f4b0d1ead9a
/X38/X3850020	1	17	e0f10ad1aa77f3401bba799ae3acda19
/AM/AM18020	2	16	6ff1e2b4a3099b25bccaab734461ee63
/BR/BR18010	2	16	10578bb3b9284daad497d2a6b05ad4e1
/X00/X0000001	5	15	02cd8a310dbe72fbe1839e8e8247f445
/AM/AM16010	2	14	30fef275932d6269f2fa20007823e164
/BR/BR05010	1	14	544dd3047c934964745cf152bb37f30c
/FR/FR12060	2	14	98df82825943dcdd99a61257cc61125f
/GE/GE31040	1	14	5be2bd5e3323c3ab9b8d3c34acb2fd27
/IT/IT13040	1	14	588dc0cbafd6651031f407f870f9f5c0
/M08/UCG	1	14	8c2a4cb8e3c479061fa84dbd22c4cb10
/AM/AM21010	1	13	1c88a7e4b9e511ae4837767fc29ceae1
/BR/BR13210	2	13	f24fa4e962c0d71257d107e29997b888
/CA/CA13010	2	13	3b8542d20b3e91e8f044f51b809e0b31
/FR/FR12050	2	13	26dbe38a186ba787e7939509a18cd491
/NA/NA13010	2	13	6540d955fff57795b2ba24a63a2d6016
/NZ/NZ13010	2	13	3a7064fdcab12e0c7c22d65f107afba8
/PO/PO13010	2	13	4e8c93527b2e46744e6d1804cda6f55e
/RU/RU12020	2	13	63885af059eab8b652c96de1439e7d40
/TO/TO12010	2	13	8a5e2d620563b0ff976129fa9937a520
/YU/YU02020	2	13	a5dcd0997435d8686cd2b108f5aa5d17
/YU/YU12020	2	13	3bc2bbacc8fdf6ebfb7d6a5ce5d6aef2
/AM/AM02070	1	12	af3684a936a7293089be0e7cdbddfb04
/BR/BR23020	1	12	6f86e843193fc5d7a0a0dfb518e2153d
/CO/CO23010	2	12	3799a7573ad3826f4ac13cd77f2fd67e
/CO/CO23020	2	12	23fcdc9bb6f2c10695ac8baae1007667
/FR/FR23010	2	12	1f16ebe4b337de3c4381f50cd5edd5ef
/FR/FR23020	2	12	51634564d1925e24277ccd308fed8f21
/GE2/GE23030	1	12	abe066a2c639a28c320f987ccdb9e5bd
/GE2/GE23050	1	12	abe066a2c639a28c320f987ccdb9e5bd
/SO/SO02190	1	12	cc52e41ec644ab326b9f105718fe6222
/SO/SO19020	1	12	e54cfb3e06c6bc2fa62a1289a77e9ecd
/SO/SO19021	1	12	8e8224482584315fa2505526ca865621
/X08/C0810000	3	12	18d598216f3f9600f2d565e9be60184c
/X08/C0811000	3	12	18d598216f3f9600f2d565e9be60184c
/X08/C0870030	3	12	4bd3ae7c8a7a0038921f0179ad3095eb
/X08/C0871030	3	12	4bd3ae7c8a7a0038921f0179ad3095eb
/X08/C0880000	3	12	9fb9fe9d6e632a9b214baaf09632bb36
/X08/C0881000	3	12	9fb9fe9d6e632a9b214baaf09632bb36
/X09/C0990000	3	12	50b20f02db96aab36f2fa23b9dd64f1e
/X09/C0990010	3	12	50b20f02db96aab36f2fa23b9dd64f1e
/X41/C4130010	3	12	1dfb8c3e2e3adebe86b598fc5d6b8af8
/AM/AM13020	1	11	b02573dbb98fc9f483fc6f4e5f4d8944
/AM/AM13040	1	11	e36c63eb13a7edbb610d97888cd25354
/AM/AM36010	1	11	50f219718188bab454c532db4ac3f369
/BR/BR02040	1	11	f5149de8a14c3176ba4f397703563d97
/BR/BR13220	2	11	bdd8dadae0c8d15e07b7ff5d43f25a51
/GE/GE13010	1	11	d106e24cb6f415a6054df73a5a3d0bba
/GE/GE17030	1	11	b027ea88d10f01dfe5936c729a73074a
/GE/GE18010	1	11	b7071ade4ccd3d498d8954f718bb7ede
/GE/GE36010	1	11	8d45213ecbbdbda321d2140e28e4a33b
/M35/HAICHI	2	11	75abefca0ae949947c9b90e7a088695b
/SO/SO02040	1	11	b88d12831d3afaf914ef2a2b9298df37
/X15/X1530000	1	11	074b4f5286532dad42b3d4a002262b70
/X15/X1530010	1	11	0cad2fe3cfe608071d52ba4cece00a5e
/X15/X1530020	1	11	f6bf0a9e38f6751d491c5ec2c87ac1aa
/X16/X1610000	1	11	78e85430b4395672d3fe90b78eed1ec5
/X16/X1610010	1	11	b2ab6c3e73e44635aa87f71b5d7b94d4
/X16/X1610020	1	11	ef5c0257931f02d83d1d799d990bc2a1
/X16/X1610030	1	11	ead8a16aa0e41530a05355b1591f18f9
/X16/X1610040	1	11	8f27484024410c913a9e25bf2382e061
/X16/X1610050	1	11	ddd3ccd5b6095ea54fe2584e6dce8530
/X18/X1810010	1	11	7b596111af787b9f946ae817fe0a385e
/X18/X1810020	1	11	2e98c228a79a77d4178fb9b790180237
/X39/X3950040	1	11	8ad6cf99d3df9cf4bbdd6d95307baf5b
/X39/X3951000	1	11	01916ee459dd91153f925010825c5567
/X42/X4230000	1	11	2ef6500992c1b5bc90727f35d3edf82b
/X42/X4230010	1	11	fe842162a7a39ef8d23bd834c160b1f9
/X42/X4230020	1	11	1f0338ab201339fe5277e427aabb2d2f
/X47/X4720000	1	11	78e85430b4395672d3fe90b78eed1ec5
/X47/X4720010	1	11	b2ab6c3e73e44635aa87f71b5d7b94d4
/X47/X4720020	1	11	ef5c0257931f02d83d1d799d990bc2a1
/X47/X4720030	1	11	ead8a16aa0e41530a05355b1591f18f9
/X47/X4720040	1	11	c3bf98f1c0b71b451b81257020d5eb4b
/X47/X4720050	1	11	ddd3ccd5b6095ea54fe2584e6dce8530
/X51/X5120000	1	11	78e85430b4395672d3fe90b78eed1ec5
/X51/X5120010	1	11	b2ab6c3e73e44635aa87f71b5d7b94d4
/X51/X5120020	1	11	ef5c0257931f02d83d1d799d990bc2a1
/X51/X5120030	1	11	ead8a16aa0e41530a05355b1591f18f9
/X51/X5120040	1	11	c3bf98f1c0b71b451b81257020d5eb4b
/X51/X5120050	1	11	ddd3ccd5b6095ea54fe2584e6dce8530
/X61/X6110040	1	11	8ad6cf99d3df9cf4bbdd6d95307baf5b
/X61/X6111000	1	11	01916ee459dd91153f925010825c5567
/BR/BR07010	1	10	2914686ad48425e245cf5e550518d46b
/BR/BR31030	2	10	71d4aae455fc3488f2efc0cf9f21353d
/RU/RU07010	1	10	5ac7c4785f7a5a7b54b7c0ba28e06ac0
/STAGE/MBG0102	1	10	a357ee54575af7e58f48d8b4ab2634cf
/TO/TO07010	1	10	95df245b495960e89fd3b7852516af69
/YU/YU07010	1	10	ad1319dd8c15c791500181d93c7f839b
/BR/BR11050	2	9	589d97a6683bf79a6de60e8a4bbc2b4f
/BR/BR13080	2	9	6b59ba44b26427e2fde011ecf61be3d3
/GE2/GE23020	1	9	6757bf48cf7dd3d432df6b973b0331a4
/IT/IT08040	2	9	6b22f436cb8efc2fd96b784571ce780c
/IT/IT23010	1	9	dc89db7576ad813d057001a4da93574a
/M53/UCG	1	9	1c1606aa3f7c6c99e3554f9807f69a4f
/SO/SO14020	1	9	55b0690258df5696df841e7b863779eb
/SO/SO14021	1	9	b3aeb479f6705f621d8c03e30a3fe262
/AM/AM13090	1	8	fbf2ec896983df00c49dffe202d1f051
/AM/AM14020	1	8	69bff50961744f12a961b9d40ce09a72
/BE/BE02020	1	8	0fb3d1413000d7517faf7c4bdd4a6909
/BR/BR02020	1	8	852cf82c1d4a21dab9a7e1ac97c6a896
/BR/BR02030	1	8	64fbf5a76b0f42b98c3800d3042b978d
/BR/BR04020	1	8	e17476a1d5cc998c25735c023ca16f27
/BR/BR04030	1	8	131112d1ab28d2cffb8b09ac9a6b5c16
/BR/BR11010	1	8	fd8cf89953807f9a18210ee589ee927f
/GE/GE13150	1	8	38da512ea4831d0620c209931a37bb11
/GE/GE13160	1	8	76a0def4980ae85699c9ffa028b2b424
/IT/IT13020	1	8	23e0d4ba51e3e98e103af260ab34b6af
/IT/IT13030	1	8	6accc5f808dd72df8ca65f6b3a8bccd0
/SO/SO02160	1	8	799d37aac5fb5fb169358b430c1e7849
/TO/TO02040	1	8	0d8ff4a1eb962f8240559cb60c091886
/X07/C0790010	2	8	560c01313033634089560d944230e3d0
/X07/C0791010	2	8	560c01313033634089560d944230e3d0
/X09/C0941000	2	8	912bc7a9384c04207612a2f7395fb448
/X09/C0941010	2	8	912bc7a9384c04207612a2f7395fb448
/X09/C0941020	2	8	912bc7a9384c04207612a2f7395fb448
/X09/C0941030	2	8	912bc7a9384c04207612a2f7395fb448
/X37/C3771000	2	8	a181ec307c235f42105ce3b8d99f6d45
/X59/C5971000	2	8	a181ec307c235f42105ce3b8d99f6d45
/YU/YU02030	1	8	cf1c45179cda8f827aca7fd85ca0a530
/AM/AM13060	1	7	919d0116a0dbf9ef19665fa2b2c61a15
/AM/AM13070	1	7	516be1252d0f0c8242d7c3c5472d23f1
/AM/AM16040	1	7	8214da7520e9bc37d416b1ff90b83823
/BR/BR14010	1	7	bd6b39a24de41b79f7c1a8090429fb1a
/BR/BR23010	1	7	9ebb4353e1cb8fb6663c565f951085bf
/GE2/GE23010	1	7	7737b4215a5ace669f16ecabba4301d3
/SO/SO13080	1	7	1cc98a7b6fb2c200743fc3d481118cdc
/SO/SO15050	1	7	8987edc38cdacaca908e41571f2d9502
/AM/AM13100	1	6	ae9eb841bcdfca5862dc088ac52e108b
/AM/AM21030	1	6	744727d16cf1eb1de88f7ef0ff6c29a4
/GE/GE13030	1	6	fd5beb0f72a6901d1388e1e2e57ed805
/GE/GE13031	1	6	7b3ecc540edda1bbd4fe67b6f5f868b3
/GE/GE13032	1	6	206f07acc98fcf036159a2658517bea3
/GE/GE13040	1	6	a29b1a51f75050a407bd8768a4f54d9b
/GE/GE13041	1	6	22cd09752fa69cd7eca9ebc2070ec99f
/GE/GE13042	1	6	5e19a0183314903087c19cac84d9fd34
/GE/GE13050	1	6	d7c442e0fc480662fe12ee223a9a9160
/GE/GE13051	1	6	87c253b4b1abcf9eefd4154f74f8090c
/GE/GE13052	1	6	a3cbf30a3c246e04332aeb903edc40dd
/GE/GE13060	1	6	0ace0a14b40c6606928c312b2b3f2ec8
/GE/GE13061	1	6	2fccd53c38d5945caab5426087749197
/GE/GE13062	1	6	7aca3debdfa82489ffba341a5d6082fb
/GE/GE42010	1	6	2096f1ca1fd368082451c43d8cc6854f
/GE2/GE21020	1	6	ac25754776f59012252c9dfbb7fb75df
/TO/TO13010	1	6	aa5360577bd44654890940572059182e
/AM/AM13050	1	5	c79edcb8710bf39c8292cefe20f8068c
/AM/AM13110	1	5	a9e77b280f0576bef746b9f27c3d3882
/AM/AM16030	1	5	d38bb2f97832873901dffdccb3e76c26
/BR/BR17020	1	5	47e52e94e0d18806e3543689d95f63cd
/BR/BR31010	1	5	6847ca14606fab4ba667dbf0eff1f9aa
/BR/BR31020	1	5	a20a77bca94cddce70d287c41143c662
/GE/GE14020	1	5	c83a9c511bea6225b743c668feee111c
/GE/GE14021	1	5	b71ef457b838e1650918d6c702435c99
/GE/GE14024	1	5	917c004104a69020aec87a414794ce0d
/GE/GE16040	1	5	f3d5fb4902b1c09bedc6e894e19df1dd
/GE/GE16041	1	5	c5e3700ee7d70aa579cbd3e84357ad95
/GE/GE16110	1	5	3cffd83785de27d594807f52c26c1d25
/HA/HA12020	1	5	fa3662865800c4ac8cc2fe38af31df32
/PO/PO12010	1	5	2c4260727fcbfa589eb17b65acbbc03a
/SO/SO02010	1	5	40375c9e4324812599b35f5c23f501ac
/SO/SO12040	1	5	03841daa3c2ccb2a0a4b1187bd541cf5
/SO/SO12041	1	5	0d65adc46e287b0abb5dbc3c03d159f2
/SO/SO16020	1	5	c7ea9385c067ac4f2723ac6531a844a1
/SO/SO16021	1	5	daaab2aa9a529bd1ead1c546d263049f
/BR/BR16010	1	4	bbcc042b97531732bbde5e79583c580b
/BR/BR16020	1	4	ec79ca9dac75c562cf532570857d3097
/CO/CO99010	1	4	d5dabb63bb0cdc29e5d8103fafe8667e
/FR/FR12030	1	4	f301c9fadc66bd80e70c91e9cd4bc09f
/SO/SO12060	1	4	fa0b1ada75cd93b3a9f5f999fe834d9a
/SO/SO12061	1	4	efb6ced85ea6f234a36d8eecebc1e413
/SO/SO12070	1	4	94880c1ec34af35cb223448f7697f748
/SO/SO12071	1	4	4edb523feec6bdaac2cff56771a358c5
/X05/C0550000	1	4	fec5722973c0b79cca5733020604c649
/X05/C0550010	1	4	fec5722973c0b79cca5733020604c649
/X05/C0550020	1	4	fec5722973c0b79cca5733020604c649
/X05/C0550030	1	4	fec5722973c0b79cca5733020604c649
/X05/C0570000	1	4	fec5722973c0b79cca5733020604c649
/X05/C0570010	1	4	fec5722973c0b79cca5733020604c649
/X05/C0570020	1	4	fec5722973c0b79cca5733020604c649
/X05/C0570030	1	4	fec5722973c0b79cca5733020604c649
/X06/C0680000	1	4	a697fb3b7e918425eac693cadd7924d2
/X06/C0680010	1	4	a697fb3b7e918425eac693cadd7924d2
/X06/C0680020	1	4	a697fb3b7e918425eac693cadd7924d2
/X06/C0680030	1	4	a697fb3b7e918425eac693cadd7924d2
/X06/C0680040	1	4	a697fb3b7e918425eac693cadd7924d2
/X06/C0680050	1	4	a697fb3b7e918425eac693cadd7924d2
/X06/C0680060	1	4	a697fb3b7e918425eac693cadd7924d2
/X06/C0680070	1	4	a697fb3b7e918425eac693cadd7924d2
/X06/C0681010	1	4	a697fb3b7e918425eac693cadd7924d2
/X06/C0681020	1	4	a697fb3b7e918425eac693cadd7924d2
/X06/C0681030	1	4	a697fb3b7e918425eac693cadd7924d2
/X06/C0681040	1	4	a697fb3b7e918425eac693cadd7924d2
/X06/C0681050	1	4	a697fb3b7e918425eac693cadd7924d2
/X06/C0681060	1	4	a697fb3b7e918425eac693cadd7924d2
/X06/C0681070	1	4	a697fb3b7e918425eac693cadd7924d2
/X07/C0770010	1	4	2790bcd0206c2405b5016798c8be17cb
/X07/C0771010	1	4	2790bcd0206c2405b5016798c8be17cb
/X07/C0780000	1	4	2790bcd0206c2405b5016798c8be17cb
/X08/C0820010	1	4	d2466016677fab315fbad7318d13ac61
/X08/C0821010	1	4	d2466016677fab315fbad7318d13ac61
/X09/C0900000	1	4	606eb0f6d3c836415c32037f30b9fd4f
/X09/C0900010	1	4	e96b3b623ba268f92a5127cbbeb1eafc
/X09/C0900020	1	4	606eb0f6d3c836415c32037f30b9fd4f
/X09/C0900030	1	4	e96b3b623ba268f92a5127cbbeb1eafc
/X09/C0910000	1	4	606eb0f6d3c836415c32037f30b9fd4f
/X09/C0910010	1	4	e96b3b623ba268f92a5127cbbeb1eafc
/X09/C0910020	1	4	606eb0f6d3c836415c32037f30b9fd4f
/X09/C0910030	1	4	e96b3b623ba268f92a5127cbbeb1eafc
/X09/C0930000	1	4	c8bcd4ee23be909a2770016e3d664421
/X09/C0930010	1	4	c8bcd4ee23be909a2770016e3d664421
/X09/C0930020	1	4	c8bcd4ee23be909a2770016e3d664421
/X09/C0930030	1	4	c8bcd4ee23be909a2770016e3d664421
/X09/C0931000	1	4	a573075c9a87c246eae840b2a9918791
/X09/C0931010	1	4	a573075c9a87c246eae840b2a9918791
/X09/C0931020	1	4	a573075c9a87c246eae840b2a9918791
/X09/C0931030	1	4	a573075c9a87c246eae840b2a9918791
/X09/C0940000	1	4	67b0d1074d56612d139116d613a2dcb4
/X09/C0940020	1	4	67b0d1074d56612d139116d613a2dcb4
/X09/C0950000	1	4	b3fbd9901cd66a3f3cbf61735397d2f1
/X09/C0950010	1	4	b3fbd9901cd66a3f3cbf61735397d2f1
/X09/C0951000	1	4	2dcfafafb4bdd422aee44222e4979d53
/X09/C0951010	1	4	2dcfafafb4bdd422aee44222e4979d53
/X09/C0960000	1	4	b3fbd9901cd66a3f3cbf61735397d2f1
/X09/C0960010	1	4	b3fbd9901cd66a3f3cbf61735397d2f1
/X09/C0961000	1	4	2dcfafafb4bdd422aee44222e4979d53
/X09/C0961010	1	4	2dcfafafb4bdd422aee44222e4979d53
/X09/C0970000	1	4	b3fbd9901cd66a3f3cbf61735397d2f1
/X09/C0970010	1	4	b3fbd9901cd66a3f3cbf61735397d2f1
/X09/C0971000	1	4	2dcfafafb4bdd422aee44222e4979d53
/X09/C0971010	1	4	2dcfafafb4bdd422aee44222e4979d53
/X09/C0991000	1	4	252132631e8a5d94e07a3d9593b92a66
/X09/C0991010	1	4	252132631e8a5d94e07a3d9593b92a66
/X10/C1070000	1	4	067bd60957b935c7a1e32b2896b48808
/X10/C1071000	1	4	067bd60957b935c7a1e32b2896b48808
/X11/C1180000	1	4	1077ce22f8705e9b7bbc7e0551d3b9f6
/X11/C1180001	1	4	d71adbf7aa8f1d1865945e6deaeca20c
/X11/C1180011	1	4	d71adbf7aa8f1d1865945e6deaeca20c
/X11/C1190000	1	4	1077ce22f8705e9b7bbc7e0551d3b9f6
/X12/X1290000	1	4	2ea1f19634a109fbee2b5d14378d9b04
/X13/C1391000	1	4	cbfe0e5f6d874bc67bdb15afaa6e04dd
/X14/C1401000	1	4	40cb1c19c28413bf721fea5746c4e801
/X18/C1840010	1	4	1179a533a32761212e5cd2e531b9e9a6
/X18/C1840020	1	4	1179a533a32761212e5cd2e531b9e9a6
/X18/C1851000	1	4	cc9f0be25089bd064530e67c1038d7ad
/X18/C1851010	1	4	cc9f0be25089bd064530e67c1038d7ad
/X21/C2150000	1	4	8bdfd3e32b398c2eea9da4ed6efcefb4
/X21/C2151000	1	4	41f75176771bded82f2faedf432e37e4
/X23/C2360000	1	4	11b071c01defb295439fbfdd5b129827
/X24/C2410000	1	4	e27174e869754ade58431b1028ee8a16
/X24/C2441000	1	4	89d06a3019036f919c7560aea22a1e14
/X27/C2701010	1	4	89d06a3019036f919c7560aea22a1e14
/X38/C3891000	1	4	40cb1c19c28413bf721fea5746c4e801
/X39/C3991010	1	4	57c29fc1cba4e22ebb074fa34d970b07
/X40/C4090000	1	4	b3fbd9901cd66a3f3cbf61735397d2f1
/X40/C4090010	1	4	b3fbd9901cd66a3f3cbf61735397d2f1
/X40/C4091000	1	4	2dcfafafb4bdd422aee44222e4979d53
/X40/C4091010	1	4	2dcfafafb4bdd422aee44222e4979d53
/X41/C4160001	1	4	d71adbf7aa8f1d1865945e6deaeca20c
/X41/C4160011	1	4	d71adbf7aa8f1d1865945e6deaeca20c
/X55/C5560000	1	4	de015674e73790d20eaad3acf39ef6de
/X56/C5611000	1	4	cbfe0e5f6d874bc67bdb15afaa6e04dd
/X56/C5621000	1	4	40cb1c19c28413bf721fea5746c4e801
/X59/C5941000	1	4	08bf3e55f94e3a37ff2b64a3067c8e95
/X60/X6060000	1	4	ba7ad89828d8aeb56fbf5196c15bd9ed
/X61/C6101000	1	4	40cb1c19c28413bf721fea5746c4e801
/X61/C6121010	1	4	57c29fc1cba4e22ebb074fa34d970b07
/X61/C6121030	1	4	7505cbb1bf98414427a0534411a577b9
/X61/C6141010	1	4	57c29fc1cba4e22ebb074fa34d970b07
/X61/C6151011	1	4	57c29fc1cba4e22ebb074fa34d970b07
/X61/C6151012	1	4	57c29fc1cba4e22ebb074fa34d970b07
/0	1	3	1205f8e320dd0477dbd86d28e2600a75
/AM/AM18030	1	3	a03a7cf160bed4ef60807c2dee42371f
/CO/CO99060	1	3	d671255698f83ee5de830063dfc4d40c
/END	1	3	760f76e15e6cad75b2b65c0860d25956
/GE/GE17020	1	3	3e693276c24cc27650b1ec8eaf168ca2
/GE/GE17021	1	3	62d29a2448290b46fadced26f259fb6d
/OPENTITL	1	3	3fc26e9f2bdadb05541c04794e329a52
/STAFF	1	3	e87bdd11dbf896cfe474b3bece214f37
