path	blocks	words	ink_chars	file_size
/KOUGI	726	54185	22534	986536
/GMDT	63	20331	13683	175008
/INTERM	31	18934	12936	515432
/SAKUSEN	348	20571	12126	350024
/GMSELDT	48	10368	8351	881752
/SCHOOL	183	13956	7536	507172
/MUSEUM	249	16793	7075	601516
/KEKKA	34	12725	5970	406828
/BADEND	408	11425	5551	156546
/MAPSCT	56	2875	1753	82300
/AM/AM24120	117	5361	1748	75520
/CO/CO99130	150	2657	1722	63200
/CO/CO24130	139	4867	1717	76144
/CO/CO99030	143	2539	1699	63200
/GE2/GE26111	102	4719	1576	76848
/GE2/GE24111	95	4660	1510	71568
/GE2/GE24151	95	4660	1510	74784
/GE2/GE24180	105	4561	1496	76560
/CO/CO24030	137	4403	1451	73224
/AM/AM26110	100	4502	1449	71920
/AM/AM26120	99	4682	1447	80128
/AM/AM24020	116	4693	1433	72632
/BR/BR24151	94	4187	1395	77424
/BR/BR24131	91	4163	1377	73824
/BR/BR24121	91	4163	1376	70960
/AM/AM24110	69	3904	1355	74112
/BKCK	48	6701	1339	69572
/IT/IT24114	114	3922	1315	74160
/FI/FI24110	68	3672	1284	74704
/CO/CO24120	105	3803	1272	74352
/FR/FR24120	105	3804	1272	74256
/GE2/GE26110	97	3229	1247	70352
/GE2/GE26120	94	3362	1238	74752
/GE2/GE26122	94	3362	1238	74624
/AM/AM26010	104	4096	1237	69192
/AM/AM26020	102	4292	1219	77048
/GE2/GE24080	110	3976	1219	73640
/GE2/GE24110	95	3136	1214	64304
/GE2/GE24150	95	3136	1214	68048
/GE2/GE26011	110	3935	1207	73896
/IT/IT24110	99	3157	1201	67392
/BR/BR24150	103	3056	1184	77136
/BR/BR24051	89	3658	1176	74440
/GE2/GE24051	102	3987	1172	71960
/GE2/GE24011	102	3987	1171	68872
/BR/BR24130	101	3034	1168	73488
/BR/BR24140	101	3034	1168	70448
/SO/SO24130	65	3230	1151	67120
/AM/AM24010	74	3524	1148	71288
/BKHO	1	1233	1141	10686
/IT/IT24014	104	3528	1138	71336
/FR/FR24020	102	3518	1135	71432
/CO/CO24020	99	3470	1118	71528
/GE2/GE26112	66	3160	1117	72448
/PO/PO24110	79	3252	1116	75712
/GE2/GE24112	64	3163	1099	66272
/BKYU	1	1233	1095	12388
/BR/BR24031	82	3434	1095	71000
/BR/BR24021	82	3425	1092	68264
/GE2/GE26121	64	3093	1091	64176
/IT/IT24111	64	3078	1082	64192
/GE2/GE24152	63	3054	1080	70016
/CO/CO24110	62	2919	1073	63856
/FR/FR24110	62	2919	1073	63952
/GE2/GE26020	98	3149	1072	71896
/GE2/GE26022	98	3149	1072	71768
/GE2/GE25121	62	2793	1068	73984
/GE2/GE25131	62	2748	1063	80944
/BKBR	1	1150	1062	15154
/BR/BR24160	65	3227	1062	67504
/GAME	45	30566	1052	621434
/BKPO	2	1142	1051	12480
/AM/AM25110	68	3084	1050	68192
/AM/AM25120	65	3080	1049	76304
/GE2/GE24170	67	3114	1046	74064
/M25/UPK1	115	4569	1044	30508
/M25/UPK	116	4565	1042	30508
/BR/BR24050	102	3021	1041	74184
/M64/UPK	115	4531	1040	30508
/GE2/GE25120	66	2892	1029	65936
/FI/FI24010	84	3196	1025	71848
/GE2/GE25110	65	2959	1025	69408
/SO/SO24140	70	2766	1021	68032
/SO/SO24150	70	2766	1021	72368
/GE2/GE25130	66	2775	1020	72544
/PO/PO24010	97	3327	1020	72824
/PO/PO24130	62	2781	1012	60768
/BR/BR26120	72	2943	1011	77968
/GE2/GE24171	68	2555	1008	72384
/GE2/GE24160	63	2994	1004	68064
/M26/UPK	114	4642	1002	30508
/BR/BR26110	70	2931	998	69024
/IT/IT24112	62	2686	990	68684
/BR/BR24030	99	2862	986	70696
/BR/BR24040	99	2853	983	67784
/BKBU	1	1060	975	20897
/SBGPAK/SBG010A1	13	17746	972	125440
/SO/SO24160	65	2887	972	70336
/GE2/GE26010	92	2670	970	67688
/GE2/GE24161	65	2431	966	65632
/M24/UPK	111	4383	965	30508
/GE2/GE24010	92	2670	963	61896
/GE2/GE24050	92	2670	963	65512
/IT/IT24010	86	2698	963	64856
/BR/BR24110	66	2865	962	65120
/GE2/GE25031	78	2706	952	77832
/BR/BR26020	78	3043	943	74984
/M23/UPK	104	4262	934	30508
/GE2/GE25030	81	2830	923	69784
/GE2/GE25021	74	2599	913	71160
/M18/UPK	99	4554	900	30508
/GE2/GE25020	78	2746	894	63464
/SBGPAK/SBG02041	3	10848	894	125440
/SBGPAK/SBG12041	1	13057	894	125440
/BR/BR24060	74	2881	891	66424
/M22/UPK	98	4194	887	30508
/M62/UPK	95	4211	886	30508
/SO/SO24030	73	2728	886	64584
/M15/UPK	97	4762	884	30508
/M20/UPK	98	4419	883	30508
/M46/UPK	94	4175	882	30508
/IT/IT24012	72	2712	877	67384
/M46/UPK1	94	4216	874	30508
/M00/UPK5	95	3978	870	30508
/SBGPAK/SBG03041	1	11204	869	125440
/GE2/GE25010	66	2685	867	66776
/GE2/GE26012	65	2661	864	69688
/M21/UPK1	94	4127	863	30508
/GE2/GE24052	66	2780	862	67384
/M15/UPK1	94	4714	860	30508
/GE2/GE24071	81	2370	859	69624
/SO/SO24040	71	2562	859	65464
/SO/SO24050	71	2562	859	69672
/M21/UPK	94	4090	856	30508
/M00/UPK3	93	3916	854	30508
/M00/UPK4	93	3916	854	30508
/GE2/GE24012	65	2655	852	63768
/M00/UPK	93	3920	852	30508
/M00/UPK2	93	3918	851	30508
/BKNA	2	1152	850	17417
/M48/UPK	90	5274	850	30508
/M00/UPK1	92	3896	847	30508
/M05/UPK	91	4723	847	30508
/M06/UPK	91	4723	847	30508
/M48/UPK1	90	5283	845	30508
/CO/CO24010	64	2539	841	61448
/FR/FR24010	64	2539	841	61544
/SBGPAK/SBG110A1	1	14213	841	125440
/SBGPAK/SBG120A1	1	14213	841	125440
/BKHU	1	904	837	20138
/GE2/GE24061	80	2317	836	63160
/AM/AM25010	68	2750	835	65624
/GE2/GE26021	68	2609	828	61768
/BR/BR26010	66	2734	825	64968
/IT/IT24011	67	2622	825	61784
/M50/UPK	91	4339	825	30508
/M44/UPK	87	5322	824	30508
/AM/AM25020	65	2759	823	73384
/BR/BR24010	68	2723	822	62680
/BTS3D/NLWORK	4	2268	820	71028
/STAGE/NLWORK	4	2310	820	30548
/STAGE/NLWORKC	4	2310	820	41908
/STAGE/NLWORKF	4	2285	820	39736
/STAGE/NLWORKR	4	2310	820	41908
/GE2/GE24070	64	2679	817	71240
/M16/UPK	91	4528	817	30508
/SBGPAK/SBG11041	1	20866	809	125440
/M13/UPK	89	4508	808	30508
/M12/UPK	86	4775	807	30508
/GE2/GE24060	64	2679	806	65496
/PO/PO24030	64	2443	806	58456
/M51/UPK	87	4429	803	30508
/M49/UPK	86	5647	797	30508
/M45/UPK	84	5187	793	30508
/SO/SO24060	63	2659	792	67672
/M04/UPK1	82	4772	774	30508
/M04/UPK	82	4746	770	30508
/M47/UPK	80	4934	759	30508
/M42/UPK	80	5140	755	30508
/M43/UPK	79	4331	744	30508
/M59/UPK	78	5749	744	30508
/ALL.BIN	53	51350	734	203844
/M37/UPK	76	6174	732	30508
/M38/UPK	77	5683	732	30508
/M60/UPK	77	5684	731	30508
/M55/UPK	77	5821	730	30508
/M29/UPK	80	5621	723	30508
/M56/UPK	77	5850	721	30508
/M28/UPK	76	4200	718	30508
/M10/UPK	75	5698	717	30508
/M43/UPK1	76	1570	715	30508
/M33/UPK	74	6035	714	30508
/M52/UPK	78	5461	712	30508
/M30/UPK	79	5554	711	30508
/M54/UPK	75	5746	708	30508
/M35/UPK	73	5948	706	30508
/M57/UPK	76	5744	706	30508
/M34/UPK	73	6074	704	30508
/M40/UPK	74	5750	704	30508
/M14/UPK	76	5473	693	30508
/M36/UPK	70	5938	691	30508
/BKCA	1	740	689	20643
/M36/UPK1	70	5947	688	30508
/M03/UPK	71	5569	686	30508
/M31/UPK	84	3937	682	30508
/M41/UPK	71	5473	674	30508
/M58/UPK	71	5662	673	30508
/M32/UPK	71	5965	664	30508
/M07/UPK	69	5582	658	30508
/M63/UPK	67	3731	650	30508
/BKTO	1	970	646	13744
/M27/UPK	68	5228	638	30508
/M53/UPK	65	6620	636	30508
/M08/UPK1	64	5879	632	30508
/M08/UPK	63	1379	626	30508
/M02/UPK	63	6661	622	30508
/BKAM	1	687	620	15199
/BKNZ	1	660	611	21948
/M39/UPK	64	5652	610	30508
/M01/UPK	61	6608	607	30508
/M61/UPK	62	3667	605	30508
/M17/UPK	60	4139	583	30508
/M11/UPK	59	4996	582	30508
/M19/UPK	60	4078	581	30508
/M09/UPK	59	5367	578	30508
/M11/UPK1	58	1245	576	30508
/SBGPAK/SBG020A1	1	7808	549	125440
/SBGPAK/SBG030A1	1	7808	549	125440
/SBGPAK/SBG02021	6	4793	499	125440
/SBGPAK/SBG11081	2	14221	492	125440
/SBGPAK/SBG11011	1	20353	480	125440
/BKIT	1	961	421	16242
/SBGPAK/SBG01012	1	5347	420	125440
/SBGPAK/SBG01091	1	7395	420	125440
/SBGPAK/SBG01092	1	5347	420	125440
/BKGE	1	1089	419	19558
/M27/VMF	1	456	419	247617
/M27/VMR	1	456	419	232284
/M42/VMF	1	456	419	247617
/M42/VMR	1	456	419	232284
/BKRU	1	954	417	17949
/SBGPAK/SBG02011	3	13343	414	125440
/SBGPAK/SBG02071	3	11295	414	125440
/SBGPAK/SBG02081	3	13343	414	125440
/SBGPAK/SBG02091	3	15263	414	125440
/SBGPAK/SBG02061	3	4603	411	125440
/SBGPAK/SBG02062	3	4990	411	125440
/SBGPAK/SBG12071	2	8828	411	125440
/SBGPAK/SBG11071	6	21361	409	125440
/M46/VMF	1	435	402	239861
/SBGPAK/SBG01011	1	4944	401	125440
/SBGPAK/SBG01031	1	7024	401	125440
/SBGPAK/SBG01041	1	4980	401	125440
/SBGPAK/SBG01061	1	7024	401	125440
/SBGPAK/SBG01062	1	7024	401	125440
/SBGPAK/SBG01071	1	4944	401	125440
/SBGPAK/SBG01072	1	4944	401	125440
/SBGPAK/SBG01081	1	4944	401	125440
/SBGPAK/SBG02012	2	15246	398	125440
/SBGPAK/SBG02092	2	15246	398	125440
/SBGPAK/SBG12072	1	8427	397	125440
/SBGPAK/SBG02072	2	11277	393	125440
/SBGPAK/SBG01013	1	5218	392	125440
/SBGPAK/SBG01073	1	5218	392	125440
/SBGPAK/SBG12012	1	10241	392	125440
/SBGPAK/SBG12092	1	10241	392	125440
/M32/VMF	1	429	391	226671
/M32/VMR	1	429	391	224171
/M54/VMF	1	429	391	226671
/M54/VMR	1	429	391	224171
/SBGPAK/SBG03071	1	12545	390	125440
/SBGPAK/SBG03072	1	10496	390	125440
/BKHI	1	1233	388	23942
/SBGPAK/SBG02023	2	8595	388	125440
/BKNN	1	1233	387	21228
/M18/VMF	1	421	387	168111
/M33/VMF	1	419	387	228117
/M36/VMF	1	422	387	234632
/M40/VMF	1	422	387	234632
/M52/VMR	1	420	387	220965
/M55/VMF	1	419	387	228117
/M58/VMF	1	422	387	234632
/M64/VMF	1	420	387	225990
/M64/VMR	1	420	387	214399
/SBGPAK/SBG12073	1	4831	387	125440
/FINE	1	503	386	17309
/M05/VMF	1	419	386	228785
/M05/VMR	1	419	386	215705
/M06/VMF	1	419	386	228785
/M06/VMR	1	419	386	215705
/M07/VMF	1	421	386	195719
/M07/VMR	1	421	386	186833
/M08/VMF	1	419	386	212645
/M08/VMR	1	419	386	202081
/M09/VMF	1	419	386	200646
/M09/VMR	1	419	386	197284
/M10/VMF	1	419	386	190245
/M10/VMR	1	418	386	183386
/M11/VMF	1	419	386	163507
/M12/VMF	1	418	386	173061
/M13/VMF	1	419	386	164022
/M14/VMF	1	426	386	230980
/M14/VMR	1	426	386	228873
/M14/VMS	1	426	386	233226
/M15/VMF	1	418	386	173061
/M16/VMF	1	419	386	164022
/M17/VMF	1	419	386	163507
/M19/VMF	1	419	386	163507
/M20/VMF	1	419	386	164022
/M21/VMF	1	418	386	227546
/M22/VMF	1	418	386	192521
/M22/VMR	1	418	386	190978
/M23/VMF	1	419	386	185874
/M23/VMR	1	419	386	182632
/M24/VMF	1	418	386	223519
/M24/VMR	1	418	386	228699
/M25/VMF	1	420	386	226712
/M25/VMS	1	419	386	234460
/M26/VMF	1	418	386	248454
/M26/VMS	1	419	386	217278
/M29/VMF	1	418	386	226742
/M29/VMS	1	419	386	238291
/M30/VMF	1	419	386	228259
/M30/VMS	1	419	386	234677
/M31/VMF	1	419	386	223194
/M31/VMR	1	419	386	226842
/M33/VMR	1	418	386	219843
/M34/VMF	1	418	386	226742
/M34/VMS	1	419	386	238291
/M35/VMF	1	419	386	228259
/M35/VMS	1	419	386	234677
/M36/VMR	1	421	386	216003
/M37/VMF	1	418	386	226742
/M37/VMS	1	419	386	238291
/M38/VMF	1	419	386	228259
/M38/VMS	1	419	386	234677
/M40/VMR	1	421	386	216003
/M41/VMF	1	419	386	226336
/M41/VMS	1	418	386	226526
/M44/VMF	1	418	386	226742
/M44/VMS	1	419	386	238291
/M45/VMF	1	419	386	228259
/M45/VMS	1	419	386	234677
/M46/VMS	1	419	386	223647
/M47/VMF	1	419	386	236130
/M47/VMS	1	419	386	208163
/M48/VMF	1	418	386	249697
/M48/VMR	1	418	386	241019
/M49/VMF	1	418	386	252086
/M49/VMR	1	418	386	229672
/M50/VMF	1	418	386	248454
/M50/VMS	1	419	386	217278
/M52/VMF	1	419	386	231289
/M53/VMF	1	418	386	227573
/M53/VMS	1	421	386	175642
/M55/VMR	1	418	386	219843
/M56/VMF	1	418	386	226742
/M56/VMS	1	419	386	238291
/M57/VMF	1	419	386	228259
/M57/VMS	1	419	386	234677
/M58/VMR	1	421	386	216003
/M59/VMF	1	418	386	226742
/M59/VMS	1	419	386	238291
/M60/VMF	1	419	386	228259
/M60/VMS	1	419	386	234677
/M61/VMF	1	419	386	200646
/M61/VMR	1	419	386	197284
/M62/VMF	1	419	386	190245
/M62/VMR	1	418	386	183386
/M63/VMF	1	418	386	156710
/M63/VMR	1	418	386	155955
/SBGPAK/SBG12081	1	11009	386	125440
/SBGPAK/SBG12091	1	11009	386	125440
/BKBE	1	980	384	16665
/SBGPAK/SBG12022	1	7391	384	125440
/KIRI	1	481	383	17544
/BKSO	1	1139	382	24354
/CLOUD	1	426	382	22839
/M00/VMF	1	414	382	65342
/SBGPAK/SBG02031	3	13343	382	125440
/SUNA	1	413	382	23399
/BKFR	1	958	381	19702
/M00/VMR	1	413	381	60162
/M01/VMF	1	413	381	61566
/M01/VMR	1	414	381	56727
/M02/VMF	1	414	381	61713
/M02/VMR	1	414	381	58476
/M03/VMF	1	413	381	62318
/M03/VMR	1	413	381	59045
/M04/VMF	1	413	381	71481
/M04/VMR	1	413	381	70093
/M28/VMF	1	414	381	63420
/M28/VMR	1	414	381	59611
/M28/VMS	1	414	381	62225
/M39/VMF	1	413	381	61247
/M39/VMR	1	413	381	58915
/M43/VMF	1	414	381	63420
/M43/VMR	1	414	381	59611
/M43/VMS	1	414	381	62225
/M51/VMF	1	413	381	67921
/M51/VMR	1	413	381	65987
/RAIN	1	418	381	22240
/SBGPAK/SBG01021	1	7516	381	125440
/SBGPAK/SBG01022	1	7516	381	125440
/SBGPAK/SBG01023	1	4702	381	125440
/SBGPAK/SBG02013	1	8443	381	125440
/SBGPAK/SBG02022	1	4291	381	125440
/SBGPAK/SBG02073	1	8443	381	125440
/SBGPAK/SBG03021	1	7903	381	125440
/SBGPAK/SBG03022	1	8032	381	125440
/SBGPAK/SBG11021	1	4444	381	125440
/SBGPAK/SBG11022	1	7516	381	125440
/SBGPAK/SBG12011	1	6363	381	125440
/SBGPAK/SBG12013	1	4444	381	125440
/SBGPAK/SBG12021	1	4315	381	125440
/SBGPAK/SBG12023	1	4444	381	125440
/SBGPAK/SBG12031	1	8443	381	125440
/SBGPAK/SBG12061	1	5734	381	125440
/SBGPAK/SBG12062	1	5734	381	125440
/SBGPAK/SBG03012	1	14593	358	125440
/SBGPAK/SBG03031	1	12545	358	125440
/SBGPAK/SBG03092	1	14593	358	125440
/SBGPAK/SBG03011	1	14721	357	125440
/SBGPAK/SBG03061	1	12673	357	125440
/SBGPAK/SBG03062	1	12673	357	125440
/SBGPAK/SBG03081	1	14721	357	125440
/SBGPAK/SBG03091	1	14721	357	125440
/SBGPAK/SBG11013	1	13184	353	125440
/SBGPAK/SBG11023	1	13184	353	125440
/SBGPAK/SBG11073	1	16259	329	125440
/IT/IT31020	16	464	318	38812
/CO/CO34010	20	425	316	35596
/0	8	429	307	135956
/SBGPAK/SBG11012	1	23937	297	125440
/SBGPAK/SBG11031	1	20353	297	125440
/SBGPAK/SBG11061	1	20371	297	125440
/SBGPAK/SBG11062	1	20353	297	125440
/SBGPAK/SBG11072	1	20352	297	125440
/SBGPAK/SBG11091	1	23937	297	125440
/SBGPAK/SBG11092	1	23937	297	125440
/AM/AM31010	17	398	282	39736
/AM/AM31020	17	451	280	38500
/IT/IT33010	15	425	277	35508
/GE/GE33010	13	370	274	39200
/AM/AM36010	15	432	270	36604
/GE/GE36010	15	432	270	36604
/CO/CO33010	13	352	269	38112
/CO/CO35010	16	432	268	39884
/GE/GE35010	16	432	268	39884
/BR/BR31010	13	357	245	40232
/GMSEL	18	386	245	552580
/OPENTITL	6	296	240	166682
/GE/GE32010	11	354	235	39548
/END	5	279	229	150702
/STAFF	5	279	229	182642
/SDDRVS.DRV	4	263	223	26610
/CO/CO44010	11	353	222	22448
/GE/GE31020	11	341	211	40056
/AM/AM34010	10	301	203	38024
/IT/IT31010	8	271	202	36448
/GE/GE19050	10	295	201	21272
/BR/BR32010	15	384	195	38692
/GE/GE34010	12	339	184	39464
/BR/BR31040	10	238	182	37856
/FR/FR31020	10	287	182	37512
/GE/GE31040	12	262	181	37444
/GE/GE37010	6	275	178	39524
/BR/BR35010	12	307	176	32592
/BR/BR31020	10	257	169	40844
/GE/GE31010	10	254	165	39416
/GE/GE31030	10	254	165	39416
/CO/CO31010	13	356	156	40040
/ITMSN/CGSM64	4	150	150	10071
/GE2/GE23030	10	332	143	7924
/GE2/GE23050	10	332	143	7924
/BR/BR23020	11	332	142	7876
/M49/HAICHI	5	420	133	4664
/M00/UCGGE	2	198	129	62037
/M01/UCGGE	2	198	129	62037
/M02/UCGGE	2	198	129	62037
/M03/UCGGE	2	198	129	62037
/M04/UCGGE	2	198	129	62037
/M05/UCGGE	2	198	129	62037
/M06/UCGGE	2	198	129	62037
/M07/UCGGE	2	198	129	62037
/M08/UCGGE	2	198	129	62037
/M09/UCGGE	2	198	129	62037
/M10/UCGGE	2	198	129	62037
/M11/UCGGE	2	198	129	62037
/M12/UCGGE	2	198	129	62037
/M13/UCGGE	2	198	129	62037
/M14/UCGGE	2	198	129	62037
/M15/UCGGE	2	198	129	62037
/M16/UCGGE	2	198	129	62037
/M17/UCGGE	2	198	129	62037
/M18/UCGGE	2	198	129	62037
/M19/UCGGE	2	198	129	62037
/M20/UCGGE	2	198	129	62037
/M21/UCGGE	2	198	129	62037
/M22/UCGGE	2	198	129	62037
/M23/UCGGE	2	198	129	62037
/M24/UCGGE	2	198	129	62037
/M25/UCGGE	2	198	129	62037
/M26/UCGGE	2	198	129	62037
/M27/UCGGE	2	198	129	62037
/M28/UCGGE	2	198	129	62037
/M29/UCGGE	2	198	129	62037
/M30/UCGGE	2	198	129	62037
/M31/UCGGE	2	198	129	62037
/M32/UCGGE	2	198	129	62037
/M33/UCGGE	2	198	129	62037
/M34/UCGGE	2	198	129	62037
/M35/UCGGE	2	198	129	62037
/M36/UCGGE	2	198	129	62037
/M37/UCGGE	2	198	129	62037
/M38/UCGGE	2	198	129	62037
/M39/UCGGE	2	198	129	62037
/M40/UCGGE	2	198	129	62037
/M41/UCGGE	2	198	129	62037
/M42/UCGGE	2	198	129	62037
/M43/UCGGE	2	198	129	62037
/M44/UCGGE	2	198	129	62037
/M45/UCGGE	2	198	129	62037
/M46/UCGGE	2	198	129	62037
/M47/UCGGE	2	198	129	62037
/M48/UCGGE	2	198	129	62037
/M49/UCGGE	2	198	129	62037
/M50/UCGGE	2	198	129	62037
/M51/UCGGE	2	198	129	62037
/M52/UCGGE	2	198	129	62037
/M53/UCGGE	2	198	129	62037
/M54/UCGGE	2	198	129	62037
/M55/UCGGE	2	198	129	62037
/M56/UCGGE	2	198	129	62037
/M57/UCGGE	2	198	129	62037
/M58/UCGGE	2	198	129	62037
/M59/UCGGE	2	198	129	62037
/M60/UCGGE	2	198	129	62037
/M61/UCGGE	2	198	129	62037
/M62/UCGGE	2	198	129	62037
/M63/UCGGE	2	198	129	62037
/M64/UCGGE	2	198	129	62037
/ITMSN/CGSM35	1	128	128	10127
/ITMSN/CGSM36	1	128	128	10151
/ITMSN/CGSM37	1	128	128	10157
/GE2/GE21040	5	271	126	8068
/ITMSN/CGSM71	1	126	125	10123
/ITMSN/CGSM63	2	124	124	10069
/ITMSN/CGSM65	2	124	124	10073
/ITMSN/CGSM66	2	124	124	10079
/ITMSN/CGSM70	2	124	124	10128
/AM/AM23020	6	275	122	8372
/GE2/GE22020	4	246	119	7240
/IT/IT22010	4	246	119	7240
/RU/RU22010	4	246	119	7240
/BR/BR37010	5	165	111	34124
/AM/AM22010	3	214	110	7240
/ASCIMCG	17	297	110	89216
/ASC16CG	16	288	106	105600
/ASC16CG	16	288	106	105600
/ASCMSCG	16	288	106	106240
/M46/UCG	2	124	106	44045
/SAKUCG	16	288	106	130176
/ASCGSCG	16	287	105	76032
/BR/BR22020	2	195	104	7736
/BR/BR31050	7	157	104	35976
/SO/SO21010	6	253	102	7764
/CO/CO23020	7	224	101	8148
/FR/FR23020	7	224	101	8148
/M22/HAICHI	3	377	101	4664
/CO/CO23010	7	224	100	8196
/FR/FR23010	7	224	100	8196
/M38/HAICHI	2	328	100	4664
/BR/BR23010	3	264	99	8036
/GE2/GE23010	3	264	99	8036
/M00/UCG	1	101	98	31345
/M23/UCG	1	101	98	40755
/M24/UCG	1	101	98	40657
/SO/SO21020	6	241	98	7668
/SO/SO22020	1	173	98	8008
/AM/AM22020	2	190	97	7832
/M64/UCG	1	100	97	46629
/SO/SO22010	1	165	97	8040
/SO/SO23010	6	251	97	7764
/M21/UCG	1	99	96	42469
/M25/UCG	1	99	96	45218
/M26/UCG	1	99	96	47533
/M51/UCG	2	111	96	39919
/AM/AM99999	7	119	95	10996
/M22/UCG	1	98	95	38245
/M31/UCG	1	98	95	44237
/M62/UCG	1	98	95	37777
/AM/AM21010	8	305	94	7556
/M20/UCG	1	97	94	44481
/BR/BR31030	9	182	93	36756
/FR/FR21010	8	242	93	8356
/BR/BR21010	8	242	92	8356
/M18/UCG	1	95	92	39060
/M24/HAICHI	3	343	92	4664
/M50/UCG	1	95	92	39253
/M60/HAICHI	2	367	92	4664
/M61/UCG	1	95	92	38604
/AM/AM18010	5	122	91	7756
/SO/SO21030	5	232	91	8036
/SO/SO23020	5	238	91	8020
/M63/UCG	1	93	90	38454
/AM/AM02050	6	146	89	7172
/GE2/GE21030	6	213	88	8148
/M16/UCG	1	91	88	39923
/ITMSN/CGEV19	1	87	87	11727
/M13/UCG	1	90	87	37742
/M15/UCG	1	90	87	41112
/M28/UCG	1	90	87	33599
/M51/HAICHI	4	531	87	4664
/AM/AM11010	5	124	86	7608
/AM/AM05020	5	134	85	7316
/AM/AM21020	7	227	85	7748
/BR/BR11030	4	113	85	7832
/BR/BR21020	7	227	85	7764
/BR/BR34010	7	153	85	34808
/GE/GE11070	3	109	85	11912
/GE2/GE23020	5	220	85	7844
/IT/IT23010	5	220	85	7844
/M33/HAICHI	2	655	85	4664
/M43/UCG	1	88	85	35489
/M35/HAICHI	3	188	84	4664
/AM/AM21030	7	226	83	7908
/IT/IT11010	3	108	83	11960
/M48/UCG	2	98	83	38380
/SO/SO14060	4	98	82	12632
/SO/SO14061	4	98	82	12632
/M05/UCG	1	84	81	39504
/M06/UCG	1	84	81	32610
/M19/UCG	1	84	81	32727
/M57/HAICHI	2	214	81	4664
/AM/AM04040	3	117	80	15172
/AM/AM31040	5	124	80	34680
/M15/HAICHI	1	175	80	4664
/M17/UCG	1	82	79	30183
/BR/BR02120	4	152	78	12884
/STAGE/MBG0301	9	596	78	81543
/AM/AM23010	7	196	77	8068
/BR/BR11040	4	97	77	11128
/M03/HAICHI	6	1026	77	4664
/M04/UCG	1	80	77	32597
/M49/UCG	2	91	76	35638
/SO/SO18010	3	102	76	7900
/SO/SO18011	3	102	76	15340
/M12/UCG	1	78	75	33825
/BR/BR21030	5	161	72	8100
/GE/GE05050	4	113	71	12980
/M43/HAICHI	3	855	71	4664
/M47/UCG	1	74	71	30800
/BR/BR11050	4	85	70	7704
/BR/BR37030	3	147	70	33568
/FR/FR12030	4	93	70	7464
/M12/HAICHI	3	522	70	4664
/BR/BR11020	4	103	69	11928
/GE/GE11080	4	105	69	11912
/M14/UCG	2	76	68	26816
/M44/UCG	1	71	68	34553
/M45/UCG	1	71	68	32782
/M54/HAICHI	2	207	68	4664
/BR/BR37040	4	123	67	35060
/M21/HAI1	3	132	67	4664
/GE/GE11010	4	94	66	9272
/GE/GE11011	4	94	66	9272
/M42/UCG	1	69	66	28875
/AM/AM13040	6	87	65	6552
/GE/GE04040	4	95	65	14084
/GE/GE04043	4	95	65	14084
/HO/HO02020	5	118	65	13652
/AM/AM01040	4	108	64	7284
/AM/AM06020	4	105	64	7476
/IT/IT08030	5	101	64	14532
/GE/GE02110	3	97	63	7188
/SO/SO17010	3	89	63	12604
/SO/SO17011	3	89	63	12604
/AM/AM04010	5	92	62	7684
/AM/AM04030	5	92	62	7828
/BR/BR04040	5	92	62	12692
/BR/BR13060	5	77	62	6760
/BR/BR13070	5	77	62	6840
/BR/BR13100	5	77	62	6632
/BR/BR02110	6	108	61	7444
/BR/BR11010	5	90	61	7560
/GE/GE08100	4	100	61	8548
/BR/BR17010	3	81	60	7580
/M30/HAICHI	2	143	60	4664
/M37/HAICHI	3	262	60	4664
/M45/HAICHI	2	143	60	4664
/SO/SO11010	3	110	60	7592
/SO/SO11011	3	104	60	13272
/M27/UCG	1	62	59	27831
/M52/UCG	1	62	59	27085
/M29/UCG	1	61	58	31369
/M30/UCG	1	61	58	29598
/M04/HAI1	4	192	57	4664
/M39/HAICHI	2	283	57	4664
/AM/AM48010	3	73	55	6484
/BR/BR06010	4	101	55	7988
/BR/BR48010	3	73	55	6484
/CO/CO48010	3	73	55	6484
/GE/GE02180	5	129	55	12036
/GE/GE48010	3	73	55	6484
/M25/HAI1	4	440	55	4664
/M25/HAICHI	4	430	55	4664
/SO/SO48010	3	73	55	6484
/GE/GE02080	4	85	54	7300
/GE/GE02083	4	85	54	8388
/M14/HAICHI	1	95	54	4664
/M34/HAICHI	3	266	54	4664
/M38/UCG	1	57	54	27140
/M41/UCG	1	57	54	20626
/M59/UCG	1	57	54	27319
/M60/UCG	1	57	54	27140
/AM/AM37080	3	113	53	32252
/AM/AM42010	2	66	53	6708
/BR/BR05010	6	106	53	7348
/BR/BR07060	3	83	53	12116
/BR/BR42010	2	66	53	6708
/CO/CO42010	2	66	53	6708
/GE/GE09010	2	85	53	13940
/GE2/GE22030	5	149	53	8168
/AM/AM02010	5	105	52	7076
/FR/FR13010	4	79	52	6664
/HO/HO08010	4	95	52	13652
/ITMSN/CGSM69	1	52	52	10124
/M11/UCG	1	55	52	25266
/M50/HAICHI	3	425	52	4664
/STAGE/MBG2222	3	370	52	13824
/ITMSN/CGSM60	1	51	51	10022
/ITMSN/CGSM61	1	51	51	10056
/ITMSN/CGSM62	1	51	51	10058
/ITMSN/CGSM67	1	51	51	10076
/M03/UCG	1	54	51	22744
/M40/UCG	1	54	51	24290
/SO/SO12080	4	77	51	11016
/SO/SO12081	4	77	51	10872
/AM/AM02060	2	74	50	7236
/AM/AM06010	4	109	50	7348
/AM/AM19030	3	73	50	11820
/BR/BR14070	3	59	50	6344
/BR/BR14080	3	59	50	6648
/BR/BR14090	3	59	50	6712
/BU/BU02030	3	80	50	11124
/GE/GE02020	3	80	50	6676
/GE/GE02022	3	80	50	10388
/GE/GE02030	3	80	50	6708
/GE/GE02032	3	80	50	10388
/GE/GE02040	3	80	50	6740
/GE/GE12050	3	63	50	7160
/GE/GE12051	3	63	50	7160
/GE/GE12052	3	63	50	7160
/HA/HA02050	3	80	50	11268
/KU/KU02020	3	80	50	11108
/M15/HAI1	1	314	50	4664
/RU/RU02080	3	80	50	11300
/RU/RU02090	3	80	50	11028
/SO/SO02180	3	80	50	11156
/AM/AM01010	3	98	49	7060
/AM/AM02030	4	102	49	7764
/AM/AM06030	4	90	49	7364
/BR/BR01030	3	98	49	11492
/BR/BR02150	4	102	49	11396
/BR/BR19030	3	57	49	6888
/FR/FR12020	2	55	49	10184
/FR/FR12040	3	82	49	10200
/HA/HA12010	3	71	49	10424
/HO/HO12010	3	82	49	10200
/M42/HAICHI	3	91	49	4664
/M55/HAICHI	1	522	49	4664
/PO/PO12030	3	82	49	10200
/SO/SO02170	4	102	49	9204
/YU/YU12010	3	82	49	10168
/AM/AM09010	2	60	48	14196
/BE/BE02010	3	88	48	11732
/HA/HA02030	3	88	48	11764
/IT/IT02010	3	88	48	11764
/M46/HAICHI	3	114	48	4664
/RU/RU02030	3	88	48	11732
/AM/AM12010	3	71	47	6904
/BR/BR12040	3	71	47	6904
/FR/FR08030	5	113	47	14740
/GE/GE08120	1	74	47	15268
/GE/GE19040	2	71	47	11624
/GE2/GE21020	3	174	47	7828
/M04/HAICHI	4	157	47	4664
/M07/UCG	1	50	47	20710
/M09/UCG	1	50	47	18424
/M10/UCG	1	50	47	22972
/M17/HAICHI	2	177	47	4664
/PO/PO07010	2	85	47	11380
/BE/BE07010	3	93	46	11140
/BR/BR02140	4	106	46	11860
/BR/BR03010	3	101	46	11444
/BR/BR14100	2	52	46	10536
/GE/GE09030	1	74	46	13844
/M35/UCG	1	49	46	24744
/M39/UCG	1	49	46	17023
/M57/UCG	1	49	46	24166
/AM/AM02080	4	103	45	11412
/AM/AM18030	3	54	45	7148
/FR/FR04020	3	75	45	12916
/FR/FR14010	4	74	45	6632
/GE/GE02060	4	90	45	6900
/IT/IT04010	3	75	45	12932
/ITMSN/CGSM26	2	45	45	10115
/M33/UCG	1	48	45	21412
/M36/UCG	1	48	45	23213
/M54/UCG	1	48	45	19475
/M55/UCG	1	48	45	21764
/M56/UCG	1	48	45	24103
/M58/UCG	1	48	45	27552
/SO/SO17020	4	56	45	12108
/SO/SO17021	4	56	45	12108
/AM/AM01030	4	96	44	6964
/AM/AM13020	4	59	44	6312
/AM/AM13030	4	56	44	6312
/AM/AM13080	4	56	44	6408
/AM/AM16030	4	57	44	6392
/BR/BR04010	2	67	44	14148
/BR/BR13080	3	50	44	6760
/BR/BR13130	4	56	44	12024
/GE/GE04050	1	64	44	13780
/GE/GE13010	4	59	44	10616
/HA/HA04010	1	64	44	13812
/IT/IT18030	3	51	44	12168
/M32/UCG	1	47	44	19289
/SO/SO08010	2	62	44	15076
/SO/SO13080	4	56	44	11752
/SO/SO42010	2	67	44	6644
/AM/AM01020	5	84	43	7028
/BR/BR13220	3	62	43	11016
/BU/BU02020	3	68	43	11684
/GE/GE01010	3	68	43	7060
/GE/GE02010	3	68	43	7060
/GE/GE02012	3	68	43	10644
/GE/GE02070	4	84	43	7044
/GE/GE12060	4	62	43	10456
/GE/GE12061	4	62	43	10456
/GE/GE12062	4	62	43	10456
/HA/HA02040	3	68	43	10804
/ITMSN/CGSM30	2	43	43	10110
/M31/HAICHI	3	317	43	4664
/M34/UCG	1	46	43	27241
/M37/UCG	1	46	43	23442
/RU/RU02070	3	68	43	11684
/RU/RU12010	4	62	43	10584
/SO/SO13010	4	62	43	9720
/SO/SO13011	4	62	43	9720
/YU/YU02040	3	68	43	11284
/AM/AM13010	3	62	42	6952
/GE/GE11020	1	79	42	10488
/GE/GE11021	1	79	42	10488
/GE/GE11022	1	79	42	10488
/GE/GE16010	3	69	42	10740
/IT/IT16010	3	69	42	10660
/ITMSN/CGSM31	2	42	42	10107
/ITMSN/CGSM32	2	42	42	10114
/ITMSN/CGSM33	2	42	42	10119
/ITMSN/CGSM34	2	42	42	10114
/KUNSHO10	3	53	42	21096
/M46/HAI1	2	99	42	4664
/STAGE/MBG0702	5	76	42	67556
/X00/X0000000	5	431	42	2528
/X00/X0000010	5	431	42	2528
/X00/X0000020	5	431	42	2528
/X00/X0000030	5	431	42	2528
/X00/X0000040	5	431	42	2528
/X00/X0000050	5	431	42	2528
/X00/X0000060	5	431	42	2528
/X00/X0000070	5	431	42	2528
/X00/X0000080	5	431	42	2528
/BR/BR07050	2	70	41	14052
/GE/GE02050	3	85	41	7124
/GE/GE02052	3	85	41	7828
/GE/GE04070	3	85	41	7092
/GE/GE04080	3	85	41	7092
/GE/GE05060	4	84	41	14836
/GE/GE12030	3	59	41	10664
/GE/GE12031	3	59	41	10824
/GE/GE12032	3	59	41	10664
/GE/GE16040	2	49	41	11288
/GE/GE16041	2	49	41	11288
/SO/SO31020	3	92	41	35572
/TO/TO02010	3	85	41	8244
/BR/BR13110	3	62	40	6952
/CO/CO49030	2	51	40	6140
/GE/GE17020	3	48	40	9884
/GE/GE17021	3	48	40	9884
/GE/GE17070	3	51	40	11164
/ITMSN/CGSM38	2	40	40	10158
/ITMSN/CGSM39	2	40	40	10181
/M63/HAICHI	4	126	40	4664
/SO/SO07010	4	80	40	8516
/SO/SO13070	3	62	40	12936
/SO/SO16020	4	52	40	9208
/SO/SO16021	4	52	40	9208
/AM/AM02040	2	89	39	7556
/AM/AM14020	3	42	39	7016
/BR/BR06020	4	75	39	7188
/BR/BR12080	3	51	39	8264
/BR/BR13090	3	46	39	11032
/BR/BR14060	3	41	39	10408
/BR/BR17030	4	59	39	12252
/GE/GE02100	3	59	39	7236
/NA/NA13020	3	46	39	11032
/SO/SO08030	2	55	39	13492
/BR/BR14110	3	43	38	10644
/FR/FR07010	3	62	38	12836
/FR/FR12050	4	66	38	6632
/GE/GE08050	2	40	38	9284
/GE/GE08053	2	40	38	13780
/GE/GE08060	2	40	38	9156
/GE/GE08070	2	40	38	9188
/GE/GE17040	3	44	38	9884
/IT/IT07020	3	67	38	13748
/M08/UCG	1	41	38	25201
/RU/RU12020	4	66	38	11064
/SO/SO02100	2	75	38	12132
/SO/SO02110	2	75	38	12132
/SO/SO19010	3	79	38	15480
/SO/SO19011	3	79	38	15480
/TO/TO12010	4	66	38	11064
/YU/YU12020	4	66	38	11048
/BR/BR16010	3	56	37	6744
/BR/BR16020	3	56	37	6808
/GE/GE02120	3	71	37	12484
/M13/HAICHI	2	103	37	4664
/PO/PO02020	2	73	37	10836
/AM/AM02020	3	73	36	7060
/BR/BR02130	3	73	36	11284
/FR/FR12060	4	61	36	6712
/GE/GE04010	2	50	36	7428
/GE/GE04020	2	50	36	7396
/GE/GE04022	2	50	36	11044
/GE/GE04023	2	50	36	11044
/GE/GE04030	2	50	36	7396
/M32/HAICHI	2	586	36	4664
/SO/SO02090	5	77	36	6548
/SO/SO15010	3	40	36	12312
/SO/SO15011	3	40	36	12312
/SO/SO15020	3	40	36	12312
/SO/SO15021	3	40	36	12312
/AM/AM13050	3	43	35	6488
/AM/AM19040	3	50	35	6636
/BR/BR17020	2	40	35	7660
/FR/FR02030	1	74	35	12900
/GE/GE19060	3	46	35	11560
/GE/GE19061	3	46	35	11480
/GE/GE19062	3	46	35	11480
/HA/HA02020	2	67	35	10916
/ITMSN/CGES39	1	35	35	5978
/RU/RU02010	2	68	35	11028
/RU/RU02040	2	68	35	11028
/RU/RU02060	2	67	35	10916
/SO/SO02040	4	78	35	6756
/SO/SO14010	3	42	35	11528
/SO/SO14011	3	42	35	11528
/SO/SO14030	3	42	35	11896
/SO/SO14031	3	42	35	11768
/SO/SO15030	3	41	35	11496
/SO/SO15031	3	41	35	11496
/SO/SO15040	3	41	35	11496
/SO/SO15041	3	41	35	11496
/STAGE/MBG0701	4	60	35	41024
/STAGE/MBG1401	4	60	35	84973
/STAGE/MBG1402	4	60	35	104384
/STAGE/MBG1409	4	60	35	73975
/STAGE/MBG1410	4	60	35	104352
/STAGE/MBG1601	4	60	35	65444
/STAGE/MBG1701	4	60	35	63000
/STAGE/MBG1702	4	60	35	81636
/STAGE/MBG1704	4	60	35	69179
/STAGE/MBG1705	4	60	35	71547
/STAGE/MBG2101	4	60	35	31700
/STAGE/STG00	4	60	35	51872
/TO/TO02030	2	67	35	10916
/AM/AM04020	4	70	34	7348
/AM/AM05010	2	68	34	7204
/AM/AM13060	3	42	34	6328
/AM/AM13070	3	42	34	6312
/AM/AM13110	3	41	34	6472
/AM/AM13120	3	40	34	6312
/BE/BE02020	3	62	34	11940
/BR/BR02020	3	64	34	7172
/BR/BR02030	3	64	34	7172
/BR/BR04020	3	64	34	7172
/BR/BR04030	3	64	34	7172
/GE/GE04110	4	70	34	11908
/GE/GE14080	3	45	34	10936
/IT/IT07010	3	73	34	13460
/IT/IT13040	3	54	34	11256
/IT/IT14010	3	45	34	10840
/PO/PO12020	3	45	34	10760
/SO/SO02030	3	89	34	6724
/SO/SO02080	3	69	34	6724
/SO/SO02120	2	72	34	11876
/SO/SO02130	2	72	34	11876
/SO/SO02160	3	62	34	11940
/SO/SO04010	4	70	34	11908
/TO/TO02040	3	66	34	9940
/YU/YU02030	3	62	34	11940
/AM/AM19010	2	36	33	6616
/BE/BE02030	3	76	33	12180
/BR/BR02010	3	76	33	7764
/BR/BR19020	2	36	33	6616
/CO/CO99040	2	49	33	5928
/FR/FR08010	2	38	33	8788
/FR/FR37010	2	87	33	37244
/GE/GE09020	3	61	33	14516
/GE/GE13100	2	40	33	11000
/GE/GE13101	2	40	33	11000
/HA/HA12020	2	38	33	10360
/HA/HA12040	2	64	33	10148
/HA/HA13020	2	40	33	11000
/IT/IT12010	2	64	33	10148
/M41/HAICHI	2	188	33	4664
/PO/PO02010	2	70	33	11332
/RU/RU02050	2	70	33	11444
/SO/SO14100	3	41	33	11384
/BR/BR13040	2	37	32	6840
/FR/FR49010	2	40	32	5384
/GE/GE17030	3	57	32	8764
/GE/GE19090	2	36	32	9732
/GE/GE19091	2	36	32	9732
/HA/HA16010	2	41	32	10548
/HA/HA17010	2	37	32	11612
/SO/SO14020	3	44	32	11848
/SO/SO14021	3	44	32	11848
/AM/AM12030	2	57	31	6280
/BR/BR07010	3	58	31	7620
/BR/BR12030	2	57	31	11160
/GE/GE08110	2	39	31	12244
/GE/GE15030	3	41	31	12340
/GE/GE15031	3	41	31	12340
/GE/GE17060	3	42	31	10908
/GE/GE17080	2	39	31	10572
/GE/GE42010	2	46	31	6292
/GE2/GE21010	2	121	31	7652
/IT/IT21010	2	121	31	7652
/M16/HAICHI	2	108	31	4664
/M19/HAICHI	1	94	31	4664
/M52/HAICHI	2	206	31	4664
/RU/RU07010	3	58	31	12260
/SO/SO12020	3	42	31	12072
/SO/SO12021	3	42	31	12072
/SO/SO14040	3	39	31	12152
/SO/SO14041	3	39	31	12152
/TO/TO07010	3	58	31	11956
/X00/X0001000	4	366	31	2528
/X00/X0001010	4	366	31	2528
/X00/X0001020	4	366	31	2528
/X00/X0001030	4	366	31	2528
/X00/X0001040	4	366	31	2528
/X00/X0001050	4	366	31	2528
/X00/X0001060	4	366	31	2528
/X00/X0001070	4	366	31	2528
/X00/X0001080	4	366	31	2528
/YU/YU07010	3	58	31	11892
/AM/AM12020	1	35	30	6520
/AM/AM13090	3	42	30	6072
/AM/AM16020	1	32	30	6744
/BR/BR12060	1	35	30	6520
/BR/BR13210	3	39	30	6248
/BR/BR14030	2	34	30	10072
/BR/BR14040	2	34	30	10072
/CA/CA13010	3	39	30	11944
/CA/CA14010	2	34	30	10104
/GE/GE16020	2	42	30	10100
/IT/IT16040	2	42	30	10100
/KUNSHO13	3	41	30	21096
/M29/HAICHI	1	189	30	4664
/M43/HAI1	2	646	30	4664
/NA/NA13010	3	39	30	12008
/NZ/NZ13010	3	39	30	12616
/PO/PO13010	3	39	30	12008
/SO/SO14110	2	34	30	10072
/SO/SO14120	2	34	30	10072
/BR/BR13050	2	34	29	6968
/FR/FR02040	3	57	29	10836
/GE/GE11030	2	34	29	10232
/GE/GE11031	2	34	29	10232
/GE/GE11040	2	34	29	11496
/GE/GE11041	2	34	29	11496
/GE/GE11050	2	34	29	10184
/GE/GE11051	2	34	29	10184
/GE/GE11060	2	34	29	11316
/GE/GE11061	2	34	29	11316
/GE/GE12090	2	52	29	10808
/GE/GE17050	2	37	29	10044
/IT/IT12020	2	52	29	10808
/IT/IT16030	2	43	29	10100
/M20/HAICHI	1	466	29	4664
/SO/SO12060	3	46	29	11176
/SO/SO12061	3	46	29	11176
/SO/SO12070	3	46	29	11128
/SO/SO12071	3	46	29	11128
/SO/SO14090	2	41	29	10424
/SO/SO14091	2	41	29	10424
/AM/AM13100	2	31	28	6312
/GE/GE12040	2	39	28	10616
/GE/GE12041	2	39	28	10792
/GE/GE12042	2	39	28	10648
/GE/GE13030	3	41	28	10824
/GE/GE13031	3	41	28	10824
/GE/GE13032	3	41	28	10824
/GE/GE13040	3	41	28	10824
/GE/GE13041	3	41	28	10824
/GE/GE13042	3	41	28	10824
/GE/GE13050	3	41	28	10840
/GE/GE13051	3	41	28	10840
/GE/GE13052	3	41	28	10840
/GE/GE13060	3	41	28	10520
/GE/GE13061	3	41	28	10520
/GE/GE13062	3	41	28	10520
/GE/GE13140	2	33	28	9096
/M01/HAICHI	1	284	28	4664
/TO/TO13010	3	41	28	10824
/BR/BR02040	4	57	27	7524
/BR/BR13120	2	39	27	11480
/BR/BR13150	2	37	27	11096
/BR/BR13160	2	37	27	11128
/BR/BR13170	2	37	27	11096
/BR/BR13180	2	37	27	11128
/BR/BR13190	2	37	27	11048
/CA/CA13020	2	37	27	11048
/FR/FR12010	2	38	27	11096
/GE/GE03020	2	54	27	8852
/GE/GE04090	4	60	27	7300
/GE/GE16030	2	39	27	10228
/HA/HA02010	2	58	27	11412
/HA/HA03010	2	58	27	11412
/HA/HA13040	1	32	27	10888
/HA/HA13050	1	32	27	10968
/IT/IT03010	2	58	27	11428
/IT/IT03020	2	56	27	12356
/IT/IT13010	2	39	27	11480
/IT/IT16050	2	39	27	10228
/PO/PO12010	2	39	27	10196
/RU/RU03010	2	58	27	11460
/SO/SO12040	2	32	27	12840
/SO/SO12041	2	32	27	12840
/SO/SO12050	2	32	27	11976
/SO/SO12051	2	32	27	11976
/SO/SO13050	2	36	27	9864
/SO/SO13051	2	36	27	9944
/YU/YU02010	2	55	27	11892
/AM/AM08050	3	40	26	10100
/AM/AM16040	2	31	26	6116
/BR/BR08060	3	40	26	13684
/BU/BU05010	2	52	26	11396
/GE/GE05010	2	52	26	7268
/GE/GE05012	2	52	26	8868
/GE/GE05020	2	52	26	7252
/GE/GE05022	2	52	26	8820
/GE/GE05030	2	52	26	7268
/GE/GE05032	2	52	26	8868
/GE/GE05040	2	52	26	7268
/GE/GE13130	2	31	26	8184
/GE/GE13131	2	31	26	8184
/HA/HA05010	2	52	26	11956
/HA/HA13030	2	31	26	8184
/IT/IT05010	2	52	26	11476
/ITMSN/CGSM72	2	26	26	10119
/RU/RU05010	2	52	26	11876
/SO/SO07030	2	52	26	6932
/SO/SO08050	3	40	26	13684
/SO/SO13020	2	36	26	9848
/SO/SO13021	2	36	26	9848
/GE/GE02090	2	51	25	12500
/GE/GE13150	2	33	25	11272
/GE/GE13160	2	33	25	11272
/GE/GE14020	2	31	25	11864
/GE/GE14021	2	31	25	11976
/GE/GE14024	2	31	25	11864
/IT/IT02030	1	50	25	10388
/IT/IT02060	1	50	25	10628
/IT/IT13020	2	33	25	11272
/IT/IT13030	2	33	25	11272
/SO/SO12030	2	33	25	12744
/SO/SO12031	2	33	25	12744
/AM/AM02070	3	55	24	11172
/AM/AM07010	2	43	24	7684
/AM/AM37030	2	123	24	40960
/BR/BR07020	3	57	24	7284
/BR/BR07023	3	57	24	11620
/BR/BR07070	2	43	24	12372
/BR/BR07073	2	43	24	10484
/FR/FR12070	2	46	24	6696
/GE/GE02170	3	58	24	11188
/GE/GE08080	2	37	24	8932
/GE/GE08082	2	37	24	13204
/GE/GE08083	2	37	24	13220
/GE/GE08090	2	37	24	8932
/GE/GE08091	2	37	24	12852
/GE/GE16120	1	29	24	8196
/GE/GE16121	1	29	24	8196
/HA/HA08010	2	37	24	13284
/M53/UCG	1	27	24	14051
/RU/RU08020	2	37	24	13380
/SO/SO02190	3	55	24	11268
/SO/SO07040	2	43	24	10756
/AM/AM14010	1	27	23	6488
/AM/AM16010	2	39	23	6536
/BR/BR01010	3	54	23	6980
/BR/BR12070	2	28	23	6552
/BR/BR13010	2	28	23	6536
/BR/BR13030	2	28	23	6504
/CO/CO99060	1	68	23	12056
/GE/GE08020	2	33	23	9284
/GE/GE16070	1	29	23	10836
/GE/GE16080	1	29	23	10756
/GE/GE16081	1	29	23	10708
/SO/SO02020	2	46	23	12676
/SO/SO07020	2	49	23	7108
/SO/SO12010	2	28	23	12184
/SO/SO12011	2	28	23	12184
/SO/SO14070	2	27	23	11896
/SO/SO14071	2	27	23	11896
/SO/SO14080	2	27	23	11880
/SO/SO14081	2	27	23	11880
/YU/YU02020	2	48	23	10564
/AM/AM37020	2	113	22	39544
/AM/AM37050	2	113	22	39544
/AM/AM37060	2	113	22	39544
/AM/AM37070	2	113	22	39544
/GE/GE08043	2	35	22	12420
/GE/GE12020	1	26	22	10584
/GE/GE12021	1	26	22	10584
/GE/GE16060	2	26	22	10564
/GE/GE16061	2	26	22	10532
/GE/GE16130	2	43	22	8884
/GE/GE16131	2	43	22	8884
/GE/GE16134	2	28	22	10884
/GE/GE18010	2	37	22	8408
/GE/GE19100	1	26	22	10440
/GE/GE19101	1	26	22	10232
/HA/HA16020	2	26	22	10516
/KU/KU08010	2	35	22	12596
/M01/UCG	1	25	22	10482
/M02/UCG	1	25	22	12305
/SO/SO14050	2	27	22	11752
/SO/SO14051	2	27	22	11752
/SO/SO14101	2	27	22	11384
/BR/BR02050	3	42	21	7188
/BR/BR19010	2	30	21	7660
/CO/CO38010	2	108	21	39564
/CO/CO49020	2	34	21	5672
/GE/GE08040	2	31	21	9124
/GE/GE13021	2	32	21	10648
/GE/GE13022	2	32	21	10648
/GE/GE13070	1	26	21	10568
/GE/GE13071	1	26	21	10568
/GE/GE13072	1	26	21	10568
/GE/GE13080	1	26	21	10568
/GE/GE13081	1	26	21	10568
/GE/GE13082	1	26	21	10568
/GE/GE13090	1	26	21	10568
/GE/GE13091	1	26	21	10568
/GE/GE13092	1	26	21	10568
/GE/GE14070	2	29	21	10760
/GE/GE19070	1	26	21	11208
/GE/GE19071	1	26	21	11208
/GE/GE19072	1	26	21	11208
/GE/GE19080	2	29	21	10504
/HA/HA13010	1	26	21	10568
/M21/HAICHI	1	54	21	4664
/M26/HAICHI	1	49	21	4664
/M47/HAICHI	1	49	21	4664
/M64/HAICHI	1	326	21	4664
/AM/AM37010	2	103	20	38672
/AM/AM37040	2	103	20	38672
/BR/BR14020	2	44	20	7032
/GE/GE13120	2	25	20	9160
/GE/GE13121	2	25	20	9080
/GE/GE14010	2	44	20	13048
/GE/GE14040	2	31	20	9848
/SO/SO13030	1	25	20	9800
/SO/SO13031	1	25	20	9800
/X38/X3811001	1	1201	20	2528
/X38/X3811011	1	1201	20	2528
/X38/X3811021	1	1201	20	2528
/X38/X3821000	1	1201	20	2528
/X38/X3821010	1	1201	20	2528
/X38/X3851001	1	1201	20	2528
/X38/X3861001	1	1201	20	2528
/AM/AM08020	2	31	19	13956
/BR/BR08070	2	31	19	13988
/BR/BR14050	2	27	19	7656
/GE/GE17010	1	32	19	9276
/GE/GE17011	1	32	19	9276
/GE/GE17012	1	32	19	9276
/M28/HAICHI	2	202	19	4664
/SO/SO16010	1	22	19	8372
/SO/SO16011	1	22	19	8372
/BR/BR13020	1	23	18	6488
/GE/GE13020	2	32	18	10648
/SO/SO13040	1	23	18	9928
/SO/SO13041	1	23	18	9928
/STAGE/MBG0703	3	70	18	79847
/STAGE/MBG0803	3	70	18	75032
/STAGE/MBG1602	3	70	18	75078
/STAGE/MBG1710	3	70	18	75032
/X25/X2500000	3	381	18	2528
/X25/X2500010	3	381	18	2528
/X25/X2500020	3	381	18	2528
/X25/X2500030	3	381	18	2528
/BU/BU02010	2	32	17	9924
/FR/FR02020	2	32	17	6740
/GE/GE02140	2	32	17	9844
/GE/GE02150	2	39	17	10484
/GE/GE02160	2	36	17	11204
/GE/GE04060	2	32	17	7108
/GE/GE13124	1	21	17	10264
/GE/GE16140	1	23	17	8180
/GE/GE19030	1	23	17	7304
/IT/IT02040	2	39	17	10484
/IT/IT02050	2	36	17	11204
/IT/IT02070	2	32	17	9812
/X17/C1710040	2	157	17	1706
/X17/C1710050	2	157	17	1706
/FR/FR08020	2	28	16	16148
/GE/GE03010	2	34	16	6324
/GE/GE12010	1	23	16	10792
/M61/HAICHI	2	765	16	4664
/SO/SO02060	2	29	16	6644
/SO/SO02070	2	29	16	6484
/SO/SO08020	1	24	16	9524
/SO/SO41010	1	24	16	9524
/BR/BR01020	2	30	15	7204
/BR/BR02060	2	30	15	7204
/BR/BR02070	2	32	15	11492
/BR/BR02080	2	30	15	7284
/BR/BR02090	2	30	15	7332
/BR/BR07030	2	33	15	7540
/BR/BR37020	1	73	15	35376
/CO/CO49060	1	20	15	5112
/CO/CO49070	1	20	15	5112
/GE/GE14050	1	16	15	6264
/GE/GE18020	1	20	15	8536
/GE/GE19020	1	20	15	8056
/IT/IT02020	2	37	15	11156
/KU/KU02010	2	37	15	11652
/M53/HAICHI	1	69	15	4664
/SO/SO02140	2	32	15	10932
/SO/SO02150	2	30	15	10708
/TO/TO02050	2	30	15	10628
/X13/X1341021	1	1201	15	2528
/X13/X1341031	1	1201	15	2528
/BR/BR12010	1	20	14	6712
/BR/BR12020	1	20	14	6536
/CO/CO49050	1	22	14	6252
/GE2/GE23040	1	33	14	10276
/SO/SO02010	2	41	14	7204
/X22/X2200000	1	1201	14	2528
/X22/X2200010	1	1201	14	2528
/X22/X2200011	1	1201	14	2528
/X22/X2200020	1	1201	14	2528
/X22/X2260000	1	1201	14	2528
/X22/X2260001	1	1201	14	2528
/X38/X3850000	2	478	14	2528
/X38/X3850010	2	478	14	2528
/X38/X3850020	2	478	14	2528
/AM/AM41010	1	20	13	9780
/BR/BR41010	1	20	13	9780
/CO/CO41010	1	20	13	9876
/GE/GE13110	1	17	13	8168
/GE/GE13111	1	17	13	8168
/GE/GE15010	1	15	13	10324
/GE/GE15011	1	15	13	10324
/GE/GE15012	1	15	13	10324
/GE/GE16090	1	17	13	10020
/GE/GE16091	1	17	13	10084
/ITMSN/CGSM03	1	13	13	9562
/SO/SO02050	2	28	13	6804
/SO/SO19020	1	13	13	10248
/SO/SO19021	1	13	13	9880
/X22/X2270000	1	1201	13	2528
/X29/C2920010	1	22	13	342
/X60/X6070030	2	454	13	2528
/GE/GE19010	1	14	12	8424
/M27/HAICHI	1	25	12	4664
/X12/C1270010	1	15	12	280
/X12/C1280000	1	15	12	280
/X17/X1791000	2	478	12	2528
/X17/X1791010	2	478	12	2528
/X17/X1791020	2	478	12	2528
/X18/X1801000	2	478	12	2528
/X18/X1811000	2	478	12	2528
/X18/X1871000	2	478	12	2528
/X22/X2262000	2	478	12	2528
/X24/X2491000	2	214	12	2528
/X24/X2491010	2	214	12	2528
/X24/X2491020	2	214	12	2528
/X24/X2491030	2	214	12	2528
/X36/C3600000	1	14	12	280
/X36/C3630000	1	14	12	280
/X36/C3630010	1	14	12	280
/X36/C3630020	1	15	12	280
/X37/C3740000	1	14	12	280
/X37/C3741000	1	14	12	280
/X37/C3750000	1	14	12	280
/X37/C3751000	1	14	12	280
/X48/X4801000	2	478	12	2528
/X48/X4801010	2	478	12	2528
/X48/X4801020	2	478	12	2528
/X49/X4911000	2	214	12	2528
/X49/X4911010	2	214	12	2528
/X49/X4911020	2	214	12	2528
/X49/X4911030	2	214	12	2528
/X52/X5201000	2	478	12	2528
/X52/X5201010	2	478	12	2528
/X52/X5201020	2	478	12	2528
/X53/X5311000	2	214	12	2528
/X53/X5311010	2	214	12	2528
/X53/X5311020	2	214	12	2528
/X53/X5311030	2	214	12	2528
/X58/X5871000	2	478	12	2528
/X60/C6040010	1	15	12	280
/X60/C6041010	1	15	12	280
/AM/AM19020	1	17	11	11096
/BR/BR12050	1	12	11	7000
/FR/FR04010	1	13	11	6948
/GE/GE15020	1	13	11	11124
/GE/GE15021	1	13	11	11124
/HA/HA15010	1	13	11	11124
/IT/IT37010	1	58	11	33180
/M62/HAICHI	1	522	11	4664
/X00/C0001000	1	15	11	218
/X08/C0870010	1	16	11	218
/X08/C0870020	1	16	11	218
/X08/C0871010	1	16	11	218
/X08/C0871020	1	16	11	218
/X08/C0890010	1	14	11	280
/X08/C0890030	1	14	11	280
/X09/C0920010	1	16	11	218
/X09/C0920030	1	16	11	218
/X09/C0921000	1	16	11	218
/X09/C0921010	1	16	11	218
/X09/C0921020	1	16	11	218
/X09/C0921030	1	16	11	218
/X09/C0950000	1	16	11	218
/X09/C0950010	1	16	11	218
/X09/C0960000	1	16	11	218
/X09/C0960010	1	16	11	218
/X09/C0970000	1	16	11	218
/X09/C0970010	1	16	11	218
/X10/C1051000	1	16	11	218
/X10/C1060000	1	16	11	218
/X10/C1061000	1	16	11	218
/X10/C1080000	1	16	11	218
/X12/C1260000	1	16	11	218
/X24/X2481000	1	1201	11	2528
/X36/C3610000	1	16	11	218
/X40/C4090000	1	16	11	218
/X40/C4090010	1	16	11	218
/X41/C4130030	1	16	11	218
/X41/C4131020	1	16	11	218
/X41/C4131030	1	16	11	218
/X41/C4150000	1	16	11	218
/X41/C4151000	1	16	11	218
/X49/X4901000	1	1201	11	2528
/X53/X5301000	1	1201	11	2528
/X60/C6030000	1	16	11	218
/AM/AM08030	1	14	10	10612
/AM/AM18020	1	18	10	7564
/BR/BR14010	1	20	10	6792
/BR/BR18010	1	18	10	12812
/FR/FR08040	1	14	10	15956
/IT/IT08010	1	17	10	13492
/IT/IT08020	1	17	10	13492
/M00/HAI5	1	847	10	4664
/SO/SO15050	1	20	10	11672
/STAGE/BAKA	1	16	10	4196
/X07/C0730010	1	15	10	218
/X07/C0731010	1	15	10	218
/X07/C0770010	1	15	10	218
/X07/C0771010	1	15	10	218
/X07/C0780000	1	15	10	218
/X07/C0781000	1	16	10	218
/X07/C0790000	1	16	10	218
/X07/C0790010	1	16	10	218
/X07/C0791000	1	16	10	218
/X07/C0791010	1	16	10	218
/X08/C0810010	1	16	10	218
/X08/C0811010	1	16	10	218
/X08/C0820010	1	15	10	218
/X08/C0821010	1	15	10	218
/X08/C0870030	1	16	10	218
/X08/C0871030	1	16	10	218
/X08/C0880000	1	16	10	218
/X08/C0881000	1	16	10	218
/X09/C0941000	1	16	10	218
/X09/C0941010	1	16	10	218
/X09/C0941020	1	16	10	218
/X09/C0941030	1	16	10	218
/X09/C0990000	1	16	10	218
/X09/C0990010	1	16	10	218
/X13/X1341020	1	1201	10	2528
/X14/X1401080	1	1201	10	2528
/X14/X1461020	1	1201	10	2528
/X21/X2150000	1	1201	10	2528
/X21/X2150010	1	1201	10	2528
/X23/X2350000	1	1201	10	2528
/X23/X2351000	1	1201	10	2528
/X23/X2360000	1	1201	10	2528
/X23/X2361000	1	1201	10	2528
/X23/X2370000	1	1201	10	2528
/X23/X2371000	1	1201	10	2528
/X23/X2380000	1	1201	10	2528
/X23/X2381000	1	1201	10	2528
/X23/X2391000	1	1201	10	2528
/X24/X2401000	1	1201	10	2528
/X29/X2971000	1	1201	10	2528
/X30/X3000000	1	1201	10	2528
/X30/X3000001	1	1201	10	2528
/X30/X3010000	1	1201	10	2528
/X30/X3020000	1	1201	10	2528
/X37/X3770000	1	1201	10	2528
/X37/X3770020	1	1201	10	2528
/X37/X3770040	1	1201	10	2528
/X37/X3770060	1	1201	10	2528
/X38/X3851000	1	1201	10	2528
/X38/X3851010	1	1201	10	2528
/X38/X3851020	1	1201	10	2528
/X38/X3861000	1	1201	10	2528
/X38/X3870000	1	1201	10	2528
/X38/X3871000	1	1201	10	2528
/X38/X3890000	1	1201	10	2528
/X38/X3890040	1	1201	10	2528
/X38/X3890080	1	1201	10	2528
/X41/C4130010	1	16	10	218
/X48/X4880000	1	1201	10	2528
/X48/X4881000	1	1201	10	2528
/X49/X4961000	1	1201	10	2528
/X52/X5280000	1	1201	10	2528
/X52/X5281000	1	1201	10	2528
/X53/X5361000	1	1201	10	2528
/X55/X5521000	1	1201	10	2528
/X55/X5521010	1	1201	10	2528
/X56/X5621080	1	1201	10	2528
/X56/X5681020	1	1201	10	2528
/X56/X5681021	1	1201	10	2528
/X56/X5681022	1	1201	10	2528
/X59/X5951000	1	1201	10	2528
/X59/X5981021	1	1201	10	2528
/X59/X5981022	1	1201	10	2528
/YU/YU08010	1	17	10	13524
/CO/CO99010	1	12	9	20868
/CO/CO99020	1	17	9	11012
/GE/GE12070	1	13	9	9848
/GE/GE12071	1	13	9	9848
/GE/GE12072	1	13	9	9848
/GE/GE12080	1	13	9	9848
/GE/GE12081	1	13	9	9848
/GE/GE12082	1	13	9	9848
/GE/GE14030	1	14	9	8200
/GE/GE14031	1	14	9	8328
/GE/GE14060	1	14	9	8808
/GE/GE16110	1	14	9	8132
/HA/HA12030	1	13	9	9848
/X08/C0870000	1	12	9	218
/X08/C0871000	1	12	9	218
/X09/C0920000	1	12	9	218
/X09/C0920020	1	12	9	218
/X12/C1290000	1	12	9	218
/X13/X1340030	1	1201	9	2528
/X13/X1340060	1	1201	9	2528
/X13/X1341000	1	1201	9	2528
/X13/X1341010	1	1201	9	2528
/X13/X1341040	1	1201	9	2528
/X13/X1341050	1	1201	9	2528
/X14/X1401040	1	1201	9	2528
/X14/X1401050	1	1201	9	2528
/X14/X1401060	1	1201	9	2528
/X14/X1401070	1	1201	9	2528
/X14/X1401090	1	1201	9	2528
/X14/X1410000	1	95	9	2528
/X14/X1410010	1	95	9	2528
/X14/X1410020	1	95	9	2528
/X14/X1410030	1	95	9	2528
/X14/X1410040	1	95	9	2528
/X14/X1410050	1	95	9	2528
/X14/X1410060	1	95	9	2528
/X14/X1410070	1	95	9	2528
/X14/X1410080	1	95	9	2528
/X14/X1410090	1	95	9	2528
/X16/C1690000	1	12	9	156
/X20/X2091000	1	1201	9	2528
/X20/X2091010	1	1201	9	2528
/X20/X2091020	1	1201	9	2528
/X21/X2141000	1	1201	9	2528
/X21/X2141010	1	1201	9	2528
/X21/X2141011	1	1201	9	2528
/X24/X2410000	1	1203	9	2528
/X24/X2420000	1	1203	9	2528
/X29/C2901000	1	14	9	280
/X31/C3120000	1	12	9	218
/X31/C3160000	1	16	9	218
/X37/X3750010	1	1201	9	2528
/X37/X3750020	1	1201	9	2528
/X37/X3750030	1	1201	9	2528
/X37/X3750080	1	1201	9	2528
/X37/X3750090	1	1201	9	2528
/X37/X3760010	1	1201	9	2528
/X37/X3761000	1	1201	9	2528
/X37/X3761020	1	1201	9	2528
/X37/X3761030	1	1201	9	2528
/X37/X3761040	1	1201	9	2528
/X37/X3761050	1	1201	9	2528
/X37/X3761060	1	1201	9	2528
/X37/X3770010	1	1201	9	2528
/X37/X3770030	1	1201	9	2528
/X37/X3770090	1	1201	9	2528
/X37/X3771080	1	1201	9	2528
/X37/X3781010	1	1201	9	2528
/X37/X3781011	1	1201	9	2528
/X37/X3791000	1	1201	9	2528
/X37/X3791010	1	1201	9	2528
/X37/X3791020	1	1201	9	2528
/X37/X3791030	1	1201	9	2528
/X37/X3791040	1	1201	9	2528
/X37/X3791050	1	1201	9	2528
/X37/X3791060	1	1201	9	2528
/X37/X3791070	1	1201	9	2528
/X38/C3890060	1	12	9	156
/X38/X3811000	1	1201	9	2528
/X38/X3811010	1	1201	9	2528
/X38/X3811020	1	1201	9	2528
/X38/X3831000	1	1201	9	2528
/X38/X3831020	1	1201	9	2528
/X38/X3841010	1	1201	9	2528
/X38/X3890010	1	1201	9	2528
/X38/X3890020	1	1201	9	2528
/X38/X3890030	1	1201	9	2528
/X38/X3890090	1	1201	9	2528
/X39/C3900020	1	12	9	156
/X39/C3900030	1	12	9	156
/X41/C4130020	1	12	9	218
/X42/X4290000	1	1203	9	2528
/X44/C4470000	1	12	9	156
/X45/X4500000	1	1201	9	2528
/X45/X4500010	1	1201	9	2528
/X45/X4500020	1	1201	9	2528
/X45/X4510000	1	1201	9	2528
/X45/X4510010	1	1201	9	2528
/X46/C4631000	1	12	9	156
/X56/X5621040	1	1201	9	2528
/X56/X5621050	1	1201	9	2528
/X56/X5621091	1	1201	9	2528
/X56/X5621092	1	1201	9	2528
/X56/X5630000	1	95	9	2528
/X56/X5630020	1	95	9	2528
/X56/X5630031	1	95	9	2528
/X56/X5630032	1	95	9	2528
/X56/X5630040	1	95	9	2528
/X56/X5630050	1	95	9	2528
/X56/X5630061	1	95	9	2528
/X56/X5630062	1	95	9	2528
/X56/X5630071	1	95	9	2528
/X56/X5630072	1	95	9	2528
/X56/X5630080	1	95	9	2528
/X56/X5630091	1	95	9	2528
/X56/X5630092	1	95	9	2528
/X59/X5971080	1	1201	9	2528
/X59/X5971091	1	1201	9	2528
/X59/X5971092	1	1201	9	2528
/X59/X5981010	1	1201	9	2528
/X60/C6060000	1	12	9	218
/X60/X6091011	1	1201	9	2528
/X60/X6091012	1	1201	9	2528
/X61/C6100061	1	12	9	156
/X61/C6100062	1	12	9	156
/AM/AM07060	1	14	8	10452
/BR/BR22010	1	26	8	7688
/GE/GE16100	1	14	8	10420
/GE/GE16101	1	14	8	10420
/M02/HAICHI	1	209	8	4664
/M48/HAICHI	1	14	8	4664
/PO/PO22010	1	26	8	7688
/X00/X0051000	1	97	8	2528
/X00/X0051010	1	97	8	2528
/X06/C0671000	1	12	8	218
/X06/C0671010	1	12	8	218
/X06/C0671020	1	12	8	218
/X06/C0671030	1	12	8	218
/X06/C0671040	1	12	8	218
/X06/C0671050	1	12	8	218
/X06/C0671060	1	12	8	218
/X06/C0671070	1	12	8	218
/X06/C0671080	1	12	8	218
/X06/C0671090	1	12	8	218
/X06/C0671100	1	12	8	218
/X06/C0671110	1	12	8	218
/X06/C0671120	1	12	8	218
/X06/C0671130	1	12	8	218
/X06/C0671140	1	12	8	218
/X06/C0671150	1	12	8	218
/X08/C0860000	1	13	8	156
/X08/C0860010	1	13	8	156
/X08/C0860020	1	13	8	156
/X08/C0860030	1	13	8	156
/X08/C0861020	1	13	8	156
/X08/C0861030	1	13	8	156
/X08/C0890000	1	13	8	156
/X08/C0890020	1	13	8	156
/X10/C1010060	1	13	8	156
/X11/C1120001	1	13	8	218
/X11/C1121001	1	13	8	218
/X13/C1360000	1	13	8	156
/X14/X1461000	1	1201	8	2528
/X14/X1461010	1	1201	8	2528
/X14/X1461030	1	1201	8	2528
/X15/C1590000	1	13	8	156
/X15/C1590010	1	13	8	156
/X16/X1611000	1	1201	8	2528
/X16/X1611010	1	1201	8	2528
/X16/X1611020	1	1201	8	2528
/X16/X1611030	1	1201	8	2528
/X16/X1611040	1	1201	8	2528
/X16/X1611050	1	1201	8	2528
/X16/X1631000	1	1201	8	2528
/X16/X1631010	1	1201	8	2528
/X16/X1631020	1	1201	8	2528
/X16/X1631030	1	1201	8	2528
/X16/X1660000	1	95	8	2528
/X16/X1660010	1	95	8	2528
/X16/X1660020	1	95	8	2528
/X16/X1660030	1	95	8	2528
/X16/X1660040	1	95	8	2528
/X16/X1660050	1	95	8	2528
/X16/X1660060	1	95	8	2528
/X16/X1660070	1	95	8	2528
/X17/C1730000	1	12	8	156
/X17/X1780000	1	1201	8	2528
/X17/X1780010	1	1201	8	2528
/X17/X1780020	1	1201	8	2528
/X18/X1800010	1	95	8	2528
/X18/X1800020	1	95	8	2528
/X19/X1910000	1	1201	8	2528
/X19/X1910010	1	1201	8	2528
/X19/X1920000	1	1201	8	2528
/X21/C2100001	1	13	8	156
/X21/C2100011	1	13	8	156
/X21/C2100021	1	13	8	156
/X21/X2160000	1	1201	8	2528
/X21/X2160010	1	1201	8	2528
/X21/X2170000	1	1201	8	2528
/X21/X2170010	1	1201	8	2528
/X21/X2170020	1	1201	8	2528
/X21/X2170030	1	1201	8	2528
/X21/X2180000	1	1201	8	2528
/X21/X2180010	1	1201	8	2528
/X21/X2190000	1	1201	8	2528
/X21/X2190010	1	1201	8	2528
/X21/X2190020	1	1201	8	2528
/X22/C2201000	1	12	8	156
/X22/C2201010	1	12	8	156
/X22/C2201020	1	12	8	156
/X22/X2210000	1	1201	8	2528
/X22/X2210010	1	1201	8	2528
/X22/X2210020	1	1201	8	2528
/X22/X2220000	1	1201	8	2528
/X22/X2220010	1	1201	8	2528
/X22/X2220020	1	1201	8	2528
/X22/X2230000	1	1201	8	2528
/X22/X2240000	1	1201	8	2528
/X22/X2250000	1	1201	8	2528
/X22/X2280000	1	1201	8	2528
/X23/C2370000	1	12	8	156
/X23/X2390000	1	1201	8	2528
/X24/C2441000	1	13	8	156
/X24/X2400000	1	1201	8	2528
/X24/X2430000	1	1201	8	2528
/X24/X2450000	1	1201	8	2528
/X24/X2460000	1	1201	8	2528
/X24/X2471010	1	1201	8	2528
/X27/C2701010	1	13	8	156
/X29/C2900000	1	14	8	280
/X29/C2910000	1	14	8	280
/X29/C2911000	1	14	8	280
/X29/C2921010	1	14	8	280
/X32/C3270000	1	13	8	156
/X37/C3771000	1	13	8	156
/X37/C3781000	1	13	8	156
/X37/X3780000	1	1201	8	2528
/X37/X3780030	1	1201	8	2528
/X37/X3781020	1	1201	8	2528
/X39/C3950070	1	12	8	156
/X39/C3991000	1	12	8	156
/X39/C3991010	1	13	8	156
/X41/C4120020	1	13	8	156
/X41/C4120030	1	13	8	156
/X41/C4121020	1	13	8	156
/X41/C4121030	1	13	8	156
/X43/X4320000	1	1201	8	2528
/X43/X4330000	1	1201	8	2528
/X45/X4520000	1	1201	8	2528
/X47/X4721000	1	1201	8	2528
/X47/X4721010	1	1201	8	2528
/X47/X4721020	1	1201	8	2528
/X47/X4721030	1	1201	8	2528
/X47/X4721040	1	1201	8	2528
/X47/X4721050	1	1201	8	2528
/X47/X4741000	1	1201	8	2528
/X47/X4741010	1	1201	8	2528
/X47/X4741020	1	1201	8	2528
/X47/X4741030	1	1201	8	2528
/X47/X4780000	1	1201	8	2528
/X47/X4780010	1	1201	8	2528
/X47/X4780020	1	1201	8	2528
/X47/X4780030	1	1201	8	2528
/X47/X4780040	1	1201	8	2528
/X47/X4780050	1	1201	8	2528
/X47/X4790000	1	1201	8	2528
/X47/X4790010	1	1201	8	2528
/X47/X4790020	1	1201	8	2528
/X48/C4860030	1	13	8	156
/X48/X4820000	1	1201	8	2528
/X48/X4820010	1	1201	8	2528
/X48/X4830000	1	1201	8	2528
/X48/X4860000	1	1201	8	2528
/X48/X4860010	1	1201	8	2528
/X48/X4860030	1	1201	8	2528
/X48/X4870000	1	1201	8	2528
/X48/X4891010	1	1201	8	2528
/X50/C5010000	1	13	8	156
/X51/X5121000	1	1201	8	2528
/X51/X5121010	1	1201	8	2528
/X51/X5121020	1	1201	8	2528
/X51/X5121030	1	1201	8	2528
/X51/X5121040	1	1201	8	2528
/X51/X5121050	1	1201	8	2528
/X51/X5141000	1	1201	8	2528
/X51/X5141010	1	1201	8	2528
/X51/X5141020	1	1201	8	2528
/X51/X5141030	1	1201	8	2528
/X51/X5180000	1	1201	8	2528
/X51/X5180010	1	1201	8	2528
/X51/X5180020	1	1201	8	2528
/X51/X5180030	1	1201	8	2528
/X51/X5180040	1	1201	8	2528
/X51/X5180050	1	1201	8	2528
/X51/X5190000	1	1201	8	2528
/X51/X5190010	1	1201	8	2528
/X51/X5190020	1	1201	8	2528
/X52/C5260030	1	13	8	156
/X52/X5220000	1	1201	8	2528
/X52/X5220010	1	1201	8	2528
/X52/X5230000	1	1201	8	2528
/X52/X5260000	1	1201	8	2528
/X52/X5260010	1	1201	8	2528
/X52/X5260030	1	1201	8	2528
/X52/X5270000	1	1201	8	2528
/X52/X5291010	1	1201	8	2528
/X54/C5410000	1	13	8	156
/X55/C5521010	1	12	8	218
/X55/C5561010	1	12	8	218
/X56/X5680000	1	1201	8	2528
/X56/X5680010	1	1201	8	2528
/X56/X5680011	1	1201	8	2528
/X56/X5680012	1	1201	8	2528
/X56/X5680031	1	1201	8	2528
/X56/X5680032	1	1201	8	2528
/X57/X5771000	1	1201	8	2528
/X57/X5771011	1	1201	8	2528
/X57/X5771012	1	1201	8	2528
/X57/X5771020	1	1201	8	2528
/X57/X5771031	1	1201	8	2528
/X57/X5771032	1	1201	8	2528
/X58/C5810000	1	12	8	156
/X59/C5971000	1	13	8	156
/X59/C5981000	1	13	8	156
/X59/X5950000	1	1201	8	2528
/X59/X5980000	1	1201	8	2528
/X59/X5980031	1	1201	8	2528
/X59/X5980032	1	1201	8	2528
/X59/X5981020	1	1201	8	2528
/X60/X6081000	1	1201	8	2528
/X61/C6120071	1	12	8	156
/X61/C6120072	1	12	8	156
/X61/C6121010	1	13	8	156
/X61/C6121030	1	13	8	156
/X61/C6141000	1	12	8	156
/X61/C6141010	1	13	8	156
/X61/C6151011	1	13	8	156
/X61/C6151012	1	13	8	156
/X62/X6201000	1	1201	8	2528
/X62/X6201020	1	1201	8	2528
/X62/X6211011	1	1201	8	2528
/X62/X6211012	1	1201	8	2528
/X62/X6211031	1	1201	8	2528
/X62/X6211032	1	1201	8	2528
/X62/X6261000	1	1201	8	2528
/X62/X6261020	1	1201	8	2528
/X62/X6271011	1	1201	8	2528
/X62/X6271012	1	1201	8	2528
/X62/X6271031	1	1201	8	2528
/X62/X6271032	1	1201	8	2528
/M00/HAI3	1	917	7	4664
/RECORD	1	50	7	17072
/SHOZO	1	23	7	19120
/X04/C0490000	1	13	7	156
/X04/C0490010	1	13	7	156
/X04/C0490020	1	13	7	156
/X04/C0490030	1	13	7	156
/X05/C0500000	1	13	7	156
/X05/C0501000	1	13	7	156
/X05/C0510000	1	13	7	156
/X05/C0511000	1	13	7	156
/X07/C0710000	1	13	7	156
/X07/C0711000	1	13	7	156
/X07/C0750000	1	13	7	156
/X07/C0751000	1	13	7	156
/X08/C0800010	1	13	7	156
/X08/C0801010	1	13	7	156
/X08/C0830000	1	13	7	156
/X08/C0830020	1	13	7	156
/X08/C0830030	1	13	7	156
/X08/C0831000	1	13	7	156
/X08/C0831020	1	13	7	156
/X08/C0831030	1	13	7	156
/X08/C0840000	1	13	7	156
/X08/C0840010	1	13	7	156
/X08/C0840020	1	13	7	156
/X08/C0840030	1	13	7	156
/X08/C0841000	1	13	7	156
/X08/C0841010	1	13	7	156
/X08/C0841020	1	13	7	156
/X08/C0841030	1	13	7	156
/X08/C0850000	1	13	7	156
/X08/C0850020	1	13	7	156
/X08/C0850030	1	13	7	156
/X08/C0851010	1	13	7	156
/X08/C0851020	1	13	7	156
/X08/C0851030	1	13	7	156
/X08/C0880010	1	13	7	156
/X08/C0880030	1	13	7	156
/X08/C0881010	1	13	7	156
/X08/C0881030	1	13	7	156
/X09/C0951000	1	13	7	156
/X09/C0951010	1	13	7	156
/X09/C0961000	1	13	7	156
/X09/C0961010	1	13	7	156
/X09/C0971000	1	13	7	156
/X09/C0971010	1	13	7	156
/X09/C0991000	1	13	7	156
/X09/C0991010	1	13	7	156
/X10/C1000000	1	13	7	156
/X10/C1000010	1	13	7	156
/X10/C1010000	1	12	7	156
/X10/C1010010	1	12	7	156
/X10/C1010020	1	12	7	156
/X10/C1010030	1	12	7	156
/X10/C1020000	1	13	7	156
/X10/C1020010	1	13	7	156
/X16/C1620000	1	12	7	156
/X16/X1621000	1	1201	7	2528
/X16/X1621010	1	1201	7	2528
/X16/X1621020	1	1201	7	2528
/X16/X1641000	1	1201	7	2528
/X16/X1641010	1	1201	7	2528
/X16/X1680000	1	95	7	2528
/X16/X1680010	1	95	7	2528
/X16/X1680020	1	95	7	2528
/X16/X1680030	1	95	7	2528
/X16/X1680040	1	95	7	2528
/X16/X1680050	1	95	7	2528
/X16/X1680060	1	95	7	2528
/X16/X1680070	1	95	7	2528
/X18/C1840010	1	13	7	156
/X18/C1840020	1	13	7	156
/X19/C1910000	1	13	7	156
/X21/C2170000	1	13	7	156
/X21/C2170030	1	13	7	156
/X21/C2180000	1	13	7	156
/X21/X2100000	1	1201	7	2528
/X21/X2100010	1	1201	7	2528
/X21/X2100020	1	1201	7	2528
/X21/X2180020	1	1201	7	2528
/X24/X2471000	1	1201	7	2528
/X27/C2701000	1	13	7	156
/X27/C2720020	1	12	7	156
/X30/C3020000	1	12	7	156
/X31/C3150000	1	12	7	280
/X32/C3280000	1	13	7	156
/X33/C3320000	1	13	7	156
/X33/C3390000	1	13	7	156
/X33/C3390001	1	13	7	156
/X37/C3710000	1	13	7	156
/X37/C3770000	1	13	7	156
/X38/C3821000	1	13	7	156
/X38/C3831000	1	12	7	156
/X38/C3841010	1	13	7	156
/X38/C3841011	1	13	7	156
/X39/C3960000	1	13	7	156
/X39/C3990000	1	12	7	156
/X39/C3990020	1	13	7	156
/X40/C4091000	1	13	7	156
/X40/C4091010	1	13	7	156
/X40/X4001001	1	23	7	2528
/X40/X4001011	1	23	7	2528
/X40/X4001021	1	23	7	2528
/X40/X4001031	1	23	7	2528
/X40/X4031000	1	23	7	2528
/X40/X4031010	1	23	7	2528
/X40/X4031020	1	23	7	2528
/X40/X4031030	1	23	7	2528
/X40/X4041000	1	23	7	2528
/X40/X4041010	1	23	7	2528
/X40/X4041020	1	23	7	2528
/X40/X4041030	1	23	7	2528
/X40/X4051000	1	23	7	2528
/X40/X4051010	1	23	7	2528
/X40/X4071000	1	23	7	2528
/X40/X4071010	1	23	7	2528
/X40/X4081000	1	23	7	2528
/X40/X4081010	1	23	7	2528
/X40/X4091000	1	23	7	2528
/X40/X4091010	1	23	7	2528
/X41/C4110010	1	13	7	156
/X41/C4111010	1	13	7	156
/X41/X4121000	1	23	7	2528
/X41/X4121010	1	23	7	2528
/X41/X4131000	1	23	7	2528
/X41/X4131010	1	23	7	2528
/X41/X4141000	1	23	7	2528
/X41/X4171000	1	23	7	2528
/X41/X4181000	1	23	7	2528
/X41/X4191000	1	23	7	2528
/X41/X4191010	1	23	7	2528
/X41/X4191020	1	23	7	2528
/X42/X4221000	1	23	7	2528
/X42/X4221010	1	23	7	2528
/X42/X4221020	1	23	7	2528
/X42/X4231000	1	23	7	2528
/X42/X4231010	1	23	7	2528
/X42/X4231020	1	23	7	2528
/X42/X4241000	1	23	7	2528
/X42/X4241010	1	23	7	2528
/X42/X4271000	1	23	7	2528
/X42/X4271010	1	23	7	2528
/X42/X4281000	1	23	7	2528
/X42/X4281010	1	23	7	2528
/X42/X4291000	1	23	7	2528
/X43/X4321000	1	23	7	2528
/X43/X4331000	1	23	7	2528
/X43/X4341000	1	23	7	2528
/X43/X4341010	1	23	7	2528
/X43/X4341020	1	23	7	2528
/X43/X4371000	1	23	7	2528
/X43/X4371010	1	23	7	2528
/X43/X4371020	1	23	7	2528
/X43/X4381000	1	23	7	2528
/X43/X4381010	1	23	7	2528
/X43/X4381020	1	23	7	2528
/X43/X4391000	1	23	7	2528
/X44/X4421000	1	23	7	2528
/X44/X4431000	1	23	7	2528
/X45/X4501000	1	23	7	2528
/X45/X4501010	1	23	7	2528
/X45/X4501020	1	23	7	2528
/X45/X4511000	1	23	7	2528
/X45/X4511010	1	23	7	2528
/X45/X4521000	1	23	7	2528
/X45/X4531000	1	23	7	2528
/X45/X4531010	1	23	7	2528
/X45/X4531020	1	23	7	2528
/X45/X4531030	1	23	7	2528
/X46/X4640000	1	23	7	2528
/X46/X4650000	1	23	7	2528
/X46/X4660000	1	23	7	2528
/X46/X4690000	1	23	7	2528
/X47/C4730000	1	12	7	156
/X47/X4731000	1	1201	7	2528
/X47/X4731010	1	1201	7	2528
/X47/X4731020	1	1201	7	2528
/X47/X4751000	1	1201	7	2528
/X47/X4751010	1	1201	7	2528
/X48/C4820000	1	13	7	156
/X48/C4860000	1	13	7	156
/X48/X4891000	1	1201	7	2528
/X49/C4990000	1	12	7	280
/X50/C5020000	1	13	7	156
/X51/C5130000	1	12	7	156
/X51/X5131000	1	1201	7	2528
/X51/X5131010	1	1201	7	2528
/X51/X5131020	1	1201	7	2528
/X51/X5151000	1	1201	7	2528
/X51/X5151010	1	1201	7	2528
/X52/C5220000	1	13	7	156
/X52/C5260000	1	13	7	156
/X52/X5291000	1	1201	7	2528
/X53/C5390000	1	12	7	280
/X54/C5420000	1	13	7	156
/X57/X5781000	1	1201	7	2528
/X57/X5781011	1	1201	7	2528
/X57/X5781012	1	1201	7	2528
/X59/C5970000	1	13	7	156
/X60/C6091011	1	13	7	156
/X60/C6091012	1	13	7	156
/X60/X6070000	1	227	7	2528
/X60/X6070010	1	227	7	2528
/X60/X6070020	1	227	7	2528
/X61/C6120000	1	13	7	156
/X61/C6120020	1	13	7	156
/X61/C6120030	1	13	7	156
/X61/C6140000	1	12	7	156
/X61/C6140020	1	13	7	156
/X61/C6150021	1	13	7	156
/X61/C6150022	1	13	7	156
/X61/X6171000	1	23	7	2528
/X61/X6181011	1	23	7	2528
/X61/X6181012	1	23	7	2528
/X62/X6211000	1	1201	7	2528
/X62/X6221011	1	1201	7	2528
/X62/X6221012	1	1201	7	2528
/X62/X6271000	1	1201	7	2528
/X62/X6281011	1	1201	7	2528
/X62/X6281012	1	1201	7	2528
/HO/HO02010	1	16	6	12532
/KUNSHO1	1	17	6	21096
/KUNSHO11	1	17	6	21096
/KUNSHO12	1	17	6	21096
/KUNSHO14	1	17	6	21096
/KUNSHO15	1	17	6	21096
/KUNSHO16	1	17	6	21096
/KUNSHO17	1	17	6	21096
/KUNSHO18	1	17	6	21096
/KUNSHO19	1	17	6	21096
/KUNSHO2	1	17	6	21096
/KUNSHO3	1	17	6	21096
/KUNSHO4	1	17	6	21096
/KUNSHO5	1	17	6	21096
/KUNSHO6	1	17	6	21096
/KUNSHO7	1	17	6	21096
/KUNSHO9	1	17	6	21096
/M36/HAI1	1	12	6	4664
/M48/HAI1	1	13	6	4664
/M59/HAICHI	1	110	6	4664
/STAGE/SFXSPR.BIN	1	19	6	157832
/X00/X0020000	1	137	6	2528
/X00/X0020010	1	137	6	2528
/X00/X0020020	1	137	6	2528
/X00/X0020030	1	137	6	2528
/X00/X0020040	1	137	6	2528
/X01/X0110000	1	217	6	2528
/X01/X0110010	1	217	6	2528
/X01/X0110020	1	217	6	2528
/X01/X0110030	1	217	6	2528
/X02/X0230010	1	217	6	2528
/X02/X0230020	1	217	6	2528
/X02/X0230030	1	217	6	2528
/X02/X0231000	1	217	6	2528
/X03/X0350000	1	217	6	2528
/X03/X0350010	1	217	6	2528
/X03/X0350020	1	217	6	2528
/X03/X0350030	1	217	6	2528
/X03/X0350040	1	217	6	2528
/X03/X0350050	1	217	6	2528
/X03/X0350060	1	217	6	2528
/X03/X0350070	1	217	6	2528
/X04/X0470000	1	217	6	2528
/X04/X0470010	1	217	6	2528
/X04/X0470020	1	217	6	2528
/X04/X0470030	1	217	6	2528
/X04/X0470040	1	217	6	2528
/X04/X0470050	1	217	6	2528
/X04/X0470060	1	217	6	2528
/X04/X0470070	1	217	6	2528
/X06/X0610000	1	239	6	2528
/X06/X0610010	1	239	6	2528
/X06/X0620000	1	239	6	2528
/X06/X0620010	1	239	6	2528
/X06/X0630000	1	239	6	2528
/X06/X0630010	1	239	6	2528
/X06/X0640000	1	239	6	2528
/X06/X0640010	1	239	6	2528
/X08/X0881010	1	541	6	2528
/X08/X0881030	1	541	6	2528
/X10/C1021000	1	13	6	156
/X10/C1021010	1	13	6	156
/X10/X1030000	1	251	6	2528
/X14/X1401000	1	1201	6	2528
/X14/X1401010	1	1201	6	2528
/X14/X1401020	1	1201	6	2528
/X14/X1401030	1	1201	6	2528
/X16/X1630000	1	155	6	2528
/X16/X1630010	1	155	6	2528
/X16/X1630020	1	155	6	2528
/X16/X1630030	1	155	6	2528
/X16/X1681000	1	167	6	2528
/X16/X1681010	1	167	6	2528
/X16/X1681020	1	167	6	2528
/X16/X1681030	1	167	6	2528
/X16/X1681040	1	167	6	2528
/X16/X1681050	1	167	6	2528
/X16/X1681060	1	167	6	2528
/X16/X1681070	1	167	6	2528
/X17/X1721000	1	143	6	2528
/X17/X1721010	1	143	6	2528
/X17/X1721020	1	143	6	2528
/X17/X1721030	1	143	6	2528
/X17/X1721040	1	143	6	2528
/X17/X1721050	1	143	6	2528
/X17/X1730000	1	227	6	2528
/X17/X1730010	1	227	6	2528
/X17/X1730020	1	227	6	2528
/X17/X1730030	1	227	6	2528
/X17/X1730040	1	227	6	2528
/X17/X1730050	1	227	6	2528
/X17/X1770000	1	1201	6	2528
/X17/X1770010	1	1201	6	2528
/X17/X1770020	1	1201	6	2528
/X17/X1770030	1	1201	6	2528
/X17/X1770040	1	1201	6	2528
/X17/X1770050	1	1201	6	2528
/X18/X1821010	1	239	6	2528
/X18/X1831000	1	239	6	2528
/X18/X1841000	1	239	6	2528
/X18/X1861000	1	239	6	2528
/X18/X1861010	1	143	6	2528
/X18/X1870000	1	221	6	2528
/X18/X1870010	1	227	6	2528
/X18/X1881010	1	239	6	2528
/X18/X1891000	1	239	6	2528
/X18/X1891010	1	239	6	2528
/X19/X1901000	1	239	6	2528
/X20/X2060000	1	1201	6	2528
/X20/X2060010	1	1201	6	2528
/X20/X2060020	1	1201	6	2528
/X20/X2070000	1	1201	6	2528
/X20/X2070010	1	1201	6	2528
/X20/X2070020	1	1201	6	2528
/X20/X2080000	1	1201	6	2528
/X20/X2080010	1	1201	6	2528
/X20/X2080020	1	1201	6	2528
/X22/X2201000	1	239	6	2528
/X22/X2201010	1	239	6	2528
/X22/X2201011	1	239	6	2528
/X22/X2201020	1	239	6	2528
/X22/X2261001	1	239	6	2528
/X24/X2440000	1	1201	6	2528
/X24/X2470000	1	1201	6	2528
/X24/X2470010	1	1201	6	2528
/X24/X2480000	1	1201	6	2528
/X24/X2490000	1	107	6	2528
/X24/X2490010	1	107	6	2528
/X24/X2490020	1	107	6	2528
/X24/X2490030	1	107	6	2528
/X27/X2700000	1	251	6	2528
/X27/X2700020	1	251	6	2528
/X27/X2710000	1	251	6	2528
/X27/X2710010	1	251	6	2528
/X27/X2710020	1	251	6	2528
/X27/X2740000	1	251	6	2528
/X27/X2760000	1	251	6	2528
/X27/X2770000	1	251	6	2528
/X37/X3770050	1	1201	6	2528
/X37/X3770070	1	1201	6	2528
/X38/X3801000	1	1201	6	2528
/X38/X3801010	1	1201	6	2528
/X38/X3801020	1	1201	6	2528
/X38/X3801030	1	1201	6	2528
/X38/X3801040	1	1201	6	2528
/X38/X3801050	1	1201	6	2528
/X38/X3810001	1	155	6	2528
/X38/X3810011	1	155	6	2528
/X38/X3810021	1	155	6	2528
/X38/X3820000	1	239	6	2528
/X38/X3820010	1	239	6	2528
/X38/X3850001	1	155	6	2528
/X38/X3860000	1	155	6	2528
/X38/X3860001	1	155	6	2528
/X38/X3881010	1	167	6	2528
/X38/X3890050	1	1201	6	2528
/X39/X3921000	1	1201	6	2528
/X39/X3921010	1	1201	6	2528
/X39/X3980000	1	251	6	2528
/X39/X3980020	1	251	6	2528
/X39/X3980040	1	251	6	2528
/X39/X3980060	1	251	6	2528
/X39/X3980080	1	251	6	2528
/X39/X3981000	1	251	6	2528
/X39/X3981010	1	251	6	2528
/X39/X3981020	1	251	6	2528
/X39/X3981030	1	251	6	2528
/X39/X3981040	1	251	6	2528
/X40/X4050000	1	239	6	2528
/X40/X4050010	1	239	6	2528
/X40/X4070000	1	239	6	2528
/X40/X4070010	1	239	6	2528
/X43/X4380010	1	251	6	2528
/X45/X4570000	1	217	6	2528
/X47/X4740000	1	155	6	2528
/X47/X4740010	1	155	6	2528
/X47/X4740020	1	155	6	2528
/X47/X4740030	1	155	6	2528
/X48/X4840000	1	1201	6	2528
/X48/X4840010	1	1201	6	2528
/X48/X4840020	1	1201	6	2528
/X48/X4890000	1	1201	6	2528
/X48/X4890010	1	1201	6	2528
/X49/X4900000	1	1201	6	2528
/X49/X4910000	1	107	6	2528
/X49/X4910010	1	107	6	2528
/X49/X4910020	1	107	6	2528
/X49/X4910030	1	107	6	2528
/X51/X5140000	1	155	6	2528
/X51/X5140010	1	155	6	2528
/X51/X5140020	1	155	6	2528
/X51/X5140030	1	155	6	2528
/X52/X5240000	1	1201	6	2528
/X52/X5240010	1	1201	6	2528
/X52/X5240020	1	1201	6	2528
/X52/X5290000	1	1201	6	2528
/X52/X5290010	1	1201	6	2528
/X53/X5300000	1	1201	6	2528
/X53/X5310000	1	107	6	2528
/X53/X5310010	1	107	6	2528
/X53/X5310020	1	107	6	2528
/X53/X5310030	1	107	6	2528
/X55/X5581000	1	1201	6	2528
/X56/X5621000	1	1201	6	2528
/X56/X5621011	1	1201	6	2528
/X56/X5621020	1	1201	6	2528
/X56/X5621032	1	1201	6	2528
/X57/X5770000	1	155	6	2528
/X57/X5770011	1	155	6	2528
/X57/X5770012	1	155	6	2528
/X57/X5770020	1	155	6	2528
/X57/X5770031	1	155	6	2528
/X57/X5770032	1	155	6	2528
/X58/X5801000	1	143	6	2528
/X58/X5801010	1	143	6	2528
/X58/X5801021	1	143	6	2528
/X58/X5801022	1	143	6	2528
/X58/X5801031	1	143	6	2528
/X58/X5801032	1	143	6	2528
/X58/X5801040	1	143	6	2528
/X58/X5801051	1	143	6	2528
/X58/X5801052	1	143	6	2528
/X58/X5810000	1	227	6	2528
/X58/X5810010	1	227	6	2528
/X58/X5810021	1	227	6	2528
/X58/X5810022	1	227	6	2528
/X58/X5810031	1	227	6	2528
/X58/X5810032	1	227	6	2528
/X58/X5810040	1	227	6	2528
/X58/X5810051	1	227	6	2528
/X58/X5810052	1	227	6	2528
/X58/X5861000	1	239	6	2528
/X58/X5861011	1	143	6	2528
/X58/X5861012	1	143	6	2528
/X58/X5870000	1	221	6	2528
/X58/X5870011	1	227	6	2528
/X58/X5870012	1	227	6	2528
/X58/X5891000	1	239	6	2528
/X58/X5891011	1	239	6	2528
/X58/X5891012	1	239	6	2528
/X59/X5901000	1	239	6	2528
/X59/X5991000	1	1201	6	2528
/X59/X5991010	1	1201	6	2528
/X59/X5991021	1	1201	6	2528
/X59/X5991022	1	1201	6	2528
/X59/X5991031	1	1201	6	2528
/X59/X5991032	1	1201	6	2528
/X59/X5991040	1	1201	6	2528
/X59/X5991051	1	1201	6	2528
/X59/X5991052	1	1201	6	2528
/X60/X6071000	1	227	6	2528
/X60/X6071010	1	227	6	2528
/X60/X6071020	1	227	6	2528
/X60/X6071030	1	227	6	2528
/X61/X6130000	1	251	6	2528
/X61/X6130020	1	251	6	2528
/X61/X6130040	1	251	6	2528
/X61/X6130080	1	251	6	2528
/X61/X6131000	1	251	6	2528
/X61/X6131020	1	251	6	2528
/X61/X6131040	1	251	6	2528
/X61/X6140061	1	251	6	2528
/X61/X6140062	1	251	6	2528
/X61/X6141011	1	251	6	2528
/X61/X6141012	1	251	6	2528
/X61/X6141031	1	251	6	2528
/X61/X6141032	1	251	6	2528
/X62/X6200000	1	155	6	2528
/X62/X6200020	1	155	6	2528
/X62/X6210011	1	155	6	2528
/X62/X6210012	1	155	6	2528
/X62/X6210031	1	155	6	2528
/X62/X6210032	1	155	6	2528
/X62/X6260000	1	155	6	2528
/X62/X6260020	1	155	6	2528
/X62/X6270011	1	155	6	2528
/X62/X6270012	1	155	6	2528
/X62/X6270031	1	155	6	2528
/X62/X6270032	1	155	6	2528
